Temp	Epoch		Unit	Date
23.53,	1525898401,	F,		05/09/18+15:40:01
23.53,	1525898469,	F,	05/09/18+15:41:09
67.21,	1525920807,	F,	05/09/18+21:53:27
67.21,	1525920813,	F,	05/09/18+21:53:33
67.21,	1525920819,	F,	05/09/18+21:53:39
67.21,	1525920826,	F,	05/09/18+21:53:46
67.21,	1525920832,	F,	05/09/18+21:53:52
67.21,	1525920838,	F,	05/09/18+21:53:58
67.21,	1525920844,	F,	05/09/18+21:54:04
67.21,	1525920968,	F,	05/09/18+21:56:08
67.10,	1525920975,	F,	05/09/18+21:56:15
67.21,	1525920981,	F,	05/09/18+21:56:21
67.21,	1525920987,	F,	05/09/18+21:56:27
67.21,	1525920994,	F,	05/09/18+21:56:34
67.21,	1525921000,	F,	05/09/18+21:56:40
67.21,	1525921006,	F,	05/09/18+21:56:46
67.21,	1525921107,	F,	05/09/18+21:58:27
67.21,	1525921114,	F,	05/09/18+21:58:34
67.21,	1525921120,	F,	05/09/18+21:58:40
67.21,	1525921126,	F,	05/09/18+21:58:46
67.21,	1525921133,	F,	05/09/18+21:58:53
67.21,	1525921139,	F,	05/09/18+21:58:59
67.21,	1525921145,	F,	05/09/18+21:59:05
67.21,	1525921152,	F,	05/09/18+21:59:12
67.21,	1525921158,	F,	05/09/18+21:59:18
67.21,	1525921159,	F,	05/09/18+21:59:19
67.21,	1525921165,	F,	05/09/18+21:59:25
67.21,	1525921166,	F,	05/09/18+21:59:26
67.21,	1525921171,	F,	05/09/18+21:59:31
67.21,	1525921172,	F,	05/09/18+21:59:32
67.21,	1525921177,	F,	05/09/18+21:59:37
67.21,	1525921178,	F,	05/09/18+21:59:38
67.21,	1525921184,	F,	05/09/18+21:59:44
67.21,	1525921185,	F,	05/09/18+21:59:45
67.21,	1525921190,	F,	05/09/18+21:59:50
67.21,	1525921191,	F,	05/09/18+21:59:51
67.21,	1525921196,	F,	05/09/18+21:59:56
67.21,	1525921197,	F,	05/09/18+21:59:57
67.21,	1525921203,	F,	05/09/18+22:00:03
67.21,	1525921204,	F,	05/09/18+22:00:04
67.21,	1525921210,	F,	05/09/18+22:00:10
67.21,	1525921217,	F,	05/09/18+22:00:17
67.21,	1525921223,	F,	05/09/18+22:00:23
67.21,	1525921230,	F,	05/09/18+22:00:30
67.21,	1525921236,	F,	05/09/18+22:00:36
67.21,	1525921242,	F,	05/09/18+22:00:43
67.21,	1525921249,	F,	05/09/18+22:00:49
67.21,	1525921255,	F,	05/09/18+22:00:55
67.21,	1525921262,	F,	05/09/18+22:01:02
67.21,	1525921268,	F,	05/09/18+22:01:08
67.21,	1525921275,	F,	05/09/18+22:01:15
67.21,	1525921282,	F,	05/09/18+22:01:22
67.21,	1525921288,	F,	05/09/18+22:01:28
67.21,	1525921295,	F,	05/09/18+22:01:35
67.21,	1525921301,	F,	05/09/18+22:01:41
67.21,	1525921308,	F,	05/09/18+22:01:48
67.21,	1525921314,	F,	05/09/18+22:01:54
67.21,	1525921320,	F,	05/09/18+22:02:00
67.21,	1525921327,	F,	05/09/18+22:02:07
67.21,	1525921333,	F,	05/09/18+22:02:13
67.21,	1525921340,	F,	05/09/18+22:02:20
67.21,	1525921346,	F,	05/09/18+22:02:26
67.10,	1525921353,	F,	05/09/18+22:02:33
67.10,	1525921359,	F,	05/09/18+22:02:39
67.10,	1525921366,	F,	05/09/18+22:02:46
67.10,	1525921372,	F,	05/09/18+22:02:52
67.10,	1525921378,	F,	05/09/18+22:02:58
67.10,	1525921385,	F,	05/09/18+22:03:05
67.10,	1525921391,	F,	05/09/18+22:03:11
67.10,	1525921398,	F,	05/09/18+22:03:18
67.10,	1525921404,	F,	05/09/18+22:03:24
67.10,	1525921410,	F,	05/09/18+22:03:31
67.10,	1525921417,	F,	05/09/18+22:03:37
67.10,	1525921423,	F,	05/09/18+22:03:43
67.10,	1525921431,	F,	05/09/18+22:03:51
67.10,	1525921437,	F,	05/09/18+22:03:57
67.10,	1525921443,	F,	05/09/18+22:04:03
66.99,	1525921450,	F,	05/09/18+22:04:10
66.99,	1525921456,	F,	05/09/18+22:04:16
66.99,	1525921463,	F,	05/09/18+22:04:23
66.99,	1525921469,	F,	05/09/18+22:04:29
66.99,	1525921476,	F,	05/09/18+22:04:36
66.99,	1525921482,	F,	05/09/18+22:04:42
66.99,	1525921489,	F,	05/09/18+22:04:49
66.99,	1525921495,	F,	05/09/18+22:04:55
66.99,	1525921502,	F,	05/09/18+22:05:02
66.99,	1525921508,	F,	05/09/18+22:05:08
66.99,	1525921514,	F,	05/09/18+22:05:14
66.99,	1525921521,	F,	05/09/18+22:05:21
66.99,	1525921527,	F,	05/09/18+22:05:27
66.99,	1525921534,	F,	05/09/18+22:05:34
66.99,	1525921540,	F,	05/09/18+22:05:40
66.99,	1525921546,	F,	05/09/18+22:05:47
66.99,	1525921553,	F,	05/09/18+22:05:53
66.99,	1525921559,	F,	05/09/18+22:05:59
66.99,	1525921566,	F,	05/09/18+22:06:06
66.99,	1525921572,	F,	05/09/18+22:06:12
66.88,	1525921579,	F,	05/09/18+22:06:19
66.88,	1525921585,	F,	05/09/18+22:06:25
66.88,	1525921591,	F,	05/09/18+22:06:31
66.88,	1525921598,	F,	05/09/18+22:06:38
66.88,	1525921604,	F,	05/09/18+22:06:44
66.88,	1525921611,	F,	05/09/18+22:06:51
66.88,	1525921617,	F,	05/09/18+22:06:57
66.88,	1525921624,	F,	05/09/18+22:07:04
66.88,	1525921630,	F,	05/09/18+22:07:10
66.88,	1525921636,	F,	05/09/18+22:07:16
66.88,	1525921643,	F,	05/09/18+22:07:23
66.88,	1525921649,	F,	05/09/18+22:07:29
66.88,	1525921656,	F,	05/09/18+22:07:36
66.88,	1525921662,	F,	05/09/18+22:07:42
66.88,	1525921668,	F,	05/09/18+22:07:48
66.88,	1525921675,	F,	05/09/18+22:07:55
66.88,	1525921681,	F,	05/09/18+22:08:01
66.88,	1525921688,	F,	05/09/18+22:08:08
66.76,	1525921694,	F,	05/09/18+22:08:14
66.88,	1525921700,	F,	05/09/18+22:08:20
66.76,	1525921707,	F,	05/09/18+22:08:27
66.76,	1525921713,	F,	05/09/18+22:08:33
66.76,	1525921720,	F,	05/09/18+22:08:40
66.76,	1525921726,	F,	05/09/18+22:08:46
66.76,	1525921733,	F,	05/09/18+22:08:53
66.76,	1525921739,	F,	05/09/18+22:08:59
66.76,	1525921745,	F,	05/09/18+22:09:05
66.76,	1525921752,	F,	05/09/18+22:09:12
66.76,	1525921758,	F,	05/09/18+22:09:18
66.76,	1525921765,	F,	05/09/18+22:09:25
66.76,	1525921771,	F,	05/09/18+22:09:31
66.76,	1525921778,	F,	05/09/18+22:09:38
66.76,	1525921784,	F,	05/09/18+22:09:44
66.76,	1525921790,	F,	05/09/18+22:09:51
66.76,	1525921797,	F,	05/09/18+22:09:57
66.76,	1525921803,	F,	05/09/18+22:10:03
66.76,	1525921810,	F,	05/09/18+22:10:10
66.76,	1525921816,	F,	05/09/18+22:10:16
66.76,	1525921823,	F,	05/09/18+22:10:23
66.76,	1525921829,	F,	05/09/18+22:10:29
66.76,	1525921835,	F,	05/09/18+22:10:35
66.76,	1525921842,	F,	05/09/18+22:10:42
66.65,	1525921848,	F,	05/09/18+22:10:48
66.76,	1525921855,	F,	05/09/18+22:10:55
66.76,	1525921861,	F,	05/09/18+22:11:01
66.65,	1525921868,	F,	05/09/18+22:11:08
66.65,	1525921874,	F,	05/09/18+22:11:14
66.65,	1525921880,	F,	05/09/18+22:11:20
66.65,	1525921887,	F,	05/09/18+22:11:27
66.65,	1525921893,	F,	05/09/18+22:11:33
66.65,	1525921900,	F,	05/09/18+22:11:40
66.65,	1525921906,	F,	05/09/18+22:11:46
66.65,	1525921913,	F,	05/09/18+22:11:53
66.65,	1525921919,	F,	05/09/18+22:11:59
66.65,	1525921926,	F,	05/09/18+22:12:06
66.65,	1525921932,	F,	05/09/18+22:12:12
66.65,	1525921938,	F,	05/09/18+22:12:18
66.65,	1525921945,	F,	05/09/18+22:12:25
66.65,	1525921951,	F,	05/09/18+22:12:31
66.65,	1525921958,	F,	05/09/18+22:12:38
66.65,	1525921964,	F,	05/09/18+22:12:44
66.65,	1525921970,	F,	05/09/18+22:12:50
66.65,	1525921977,	F,	05/09/18+22:12:57
66.65,	1525921983,	F,	05/09/18+22:13:03
66.65,	1525921990,	F,	05/09/18+22:13:10
66.65,	1525921996,	F,	05/09/18+22:13:16
66.65,	1525922002,	F,	05/09/18+22:13:23
66.65,	1525922009,	F,	05/09/18+22:13:29
66.65,	1525922015,	F,	05/09/18+22:13:35
66.65,	1525922022,	F,	05/09/18+22:13:42
66.65,	1525922028,	F,	05/09/18+22:13:48
66.65,	1525922035,	F,	05/09/18+22:13:55
66.65,	1525922041,	F,	05/09/18+22:14:01
66.65,	1525922047,	F,	05/09/18+22:14:07
66.65,	1525922054,	F,	05/09/18+22:14:14
66.65,	1525922060,	F,	05/09/18+22:14:20
66.65,	1525922067,	F,	05/09/18+22:14:27
66.65,	1525922073,	F,	05/09/18+22:14:33
66.65,	1525922079,	F,	05/09/18+22:14:39
66.65,	1525922086,	F,	05/09/18+22:14:46
66.65,	1525922092,	F,	05/09/18+22:14:52
66.54,	1525922099,	F,	05/09/18+22:14:59
66.54,	1525922105,	F,	05/09/18+22:15:05
66.54,	1525922111,	F,	05/09/18+22:15:11
66.54,	1525922118,	F,	05/09/18+22:15:18
66.54,	1525922124,	F,	05/09/18+22:15:24
66.54,	1525922131,	F,	05/09/18+22:15:31
66.54,	1525922137,	F,	05/09/18+22:15:37
66.54,	1525922144,	F,	05/09/18+22:15:44
66.54,	1525922150,	F,	05/09/18+22:15:50
66.54,	1525922156,	F,	05/09/18+22:15:56
66.54,	1525922163,	F,	05/09/18+22:16:03
66.54,	1525922169,	F,	05/09/18+22:16:09
66.54,	1525922176,	F,	05/09/18+22:16:16
66.54,	1525922182,	F,	05/09/18+22:16:22
66.54,	1525922189,	F,	05/09/18+22:16:29
66.54,	1525922195,	F,	05/09/18+22:16:35
66.54,	1525922201,	F,	05/09/18+22:16:41
66.54,	1525922208,	F,	05/09/18+22:16:48
66.54,	1525922214,	F,	05/09/18+22:16:54
66.54,	1525922221,	F,	05/09/18+22:17:01
66.54,	1525922227,	F,	05/09/18+22:17:07
66.54,	1525922234,	F,	05/09/18+22:17:14
66.54,	1525922240,	F,	05/09/18+22:17:20
66.54,	1525922246,	F,	05/09/18+22:17:26
66.54,	1525922253,	F,	05/09/18+22:17:33
66.54,	1525922259,	F,	05/09/18+22:17:39
66.54,	1525922266,	F,	05/09/18+22:17:46
66.54,	1525922272,	F,	05/09/18+22:17:52
66.54,	1525922279,	F,	05/09/18+22:17:59
66.54,	1525922285,	F,	05/09/18+22:18:05
66.54,	1525922291,	F,	05/09/18+22:18:11
66.54,	1525922298,	F,	05/09/18+22:18:18
66.54,	1525922304,	F,	05/09/18+22:18:24
66.54,	1525922311,	F,	05/09/18+22:18:31
66.54,	1525922317,	F,	05/09/18+22:18:37
66.43,	1525922324,	F,	05/09/18+22:18:44
66.54,	1525922330,	F,	05/09/18+22:18:50
66.54,	1525922337,	F,	05/09/18+22:18:57
66.54,	1525922343,	F,	05/09/18+22:19:03
66.54,	1525922349,	F,	05/09/18+22:19:09
66.43,	1525922356,	F,	05/09/18+22:19:16
66.43,	1525922362,	F,	05/09/18+22:19:22
66.43,	1525922369,	F,	05/09/18+22:19:29
66.43,	1525922375,	F,	05/09/18+22:19:35
66.43,	1525922381,	F,	05/09/18+22:19:41
66.43,	1525922388,	F,	05/09/18+22:19:48
66.43,	1525922394,	F,	05/09/18+22:19:54
66.43,	1525922401,	F,	05/09/18+22:20:01
66.43,	1525922407,	F,	05/09/18+22:20:07
66.43,	1525922413,	F,	05/09/18+22:20:13
66.43,	1525922420,	F,	05/09/18+22:20:20
66.43,	1525922426,	F,	05/09/18+22:20:26
66.43,	1525922433,	F,	05/09/18+22:20:33
66.43,	1525922439,	F,	05/09/18+22:20:39
66.43,	1525922446,	F,	05/09/18+22:20:46
66.43,	1525922452,	F,	05/09/18+22:20:52
66.43,	1525922458,	F,	05/09/18+22:20:58
66.43,	1525922465,	F,	05/09/18+22:21:05
66.43,	1525922471,	F,	05/09/18+22:21:11
66.43,	1525922478,	F,	05/09/18+22:21:18
66.43,	1525922484,	F,	05/09/18+22:21:24
66.43,	1525922491,	F,	05/09/18+22:21:31
66.43,	1525922497,	F,	05/09/18+22:21:37
66.43,	1525922504,	F,	05/09/18+22:21:44
66.43,	1525922510,	F,	05/09/18+22:21:50
66.43,	1525922516,	F,	05/09/18+22:21:57
66.43,	1525922523,	F,	05/09/18+22:22:03
66.43,	1525922529,	F,	05/09/18+22:22:09
66.43,	1525922536,	F,	05/09/18+22:22:16
66.43,	1525922542,	F,	05/09/18+22:22:22
66.43,	1525922549,	F,	05/09/18+22:22:29
66.43,	1525922555,	F,	05/09/18+22:22:35
66.43,	1525922562,	F,	05/09/18+22:22:42
66.43,	1525922568,	F,	05/09/18+22:22:48
66.43,	1525922575,	F,	05/09/18+22:22:55
66.43,	1525922581,	F,	05/09/18+22:23:01
66.43,	1525922587,	F,	05/09/18+22:23:07
66.43,	1525922594,	F,	05/09/18+22:23:14
66.43,	1525922600,	F,	05/09/18+22:23:20
66.43,	1525922607,	F,	05/09/18+22:23:27
66.43,	1525922613,	F,	05/09/18+22:23:33
66.43,	1525922620,	F,	05/09/18+22:23:40
66.43,	1525922626,	F,	05/09/18+22:23:46
66.43,	1525922632,	F,	05/09/18+22:23:52
66.43,	1525922639,	F,	05/09/18+22:23:59
66.43,	1525922645,	F,	05/09/18+22:24:05
66.43,	1525922652,	F,	05/09/18+22:24:12
66.43,	1525922658,	F,	05/09/18+22:24:18
66.43,	1525922665,	F,	05/09/18+22:24:25
66.31,	1525922671,	F,	05/09/18+22:24:31
66.43,	1525922677,	F,	05/09/18+22:24:37
66.43,	1525922684,	F,	05/09/18+22:24:44
66.43,	1525922690,	F,	05/09/18+22:24:50
66.31,	1525922697,	F,	05/09/18+22:24:57
66.31,	1525922703,	F,	05/09/18+22:25:03
66.43,	1525922710,	F,	05/09/18+22:25:10
66.43,	1525922716,	F,	05/09/18+22:25:16
66.31,	1525922722,	F,	05/09/18+22:25:22
66.43,	1525922729,	F,	05/09/18+22:25:29
66.43,	1525922735,	F,	05/09/18+22:25:35
66.31,	1525922742,	F,	05/09/18+22:25:42
66.43,	1525922748,	F,	05/09/18+22:25:48
66.31,	1525922754,	F,	05/09/18+22:25:55
66.31,	1525922761,	F,	05/09/18+22:26:01
66.31,	1525922767,	F,	05/09/18+22:26:07
66.31,	1525922774,	F,	05/09/18+22:26:14
66.31,	1525922780,	F,	05/09/18+22:26:20
66.31,	1525922786,	F,	05/09/18+22:26:27
66.31,	1525922793,	F,	05/09/18+22:26:33
66.31,	1525922799,	F,	05/09/18+22:26:39
66.31,	1525922806,	F,	05/09/18+22:26:46
66.31,	1525922812,	F,	05/09/18+22:26:52
66.31,	1525922819,	F,	05/09/18+22:26:59
66.31,	1525922825,	F,	05/09/18+22:27:05
66.31,	1525922831,	F,	05/09/18+22:27:11
66.31,	1525922838,	F,	05/09/18+22:27:18
66.31,	1525922844,	F,	05/09/18+22:27:24
66.31,	1525922851,	F,	05/09/18+22:27:31
66.31,	1525922857,	F,	05/09/18+22:27:37
66.31,	1525922863,	F,	05/09/18+22:27:43
66.31,	1525922870,	F,	05/09/18+22:27:50
66.31,	1525922876,	F,	05/09/18+22:27:56
66.31,	1525922883,	F,	05/09/18+22:28:03
66.31,	1525922889,	F,	05/09/18+22:28:09
66.31,	1525922896,	F,	05/09/18+22:28:16
66.31,	1525922902,	F,	05/09/18+22:28:22
66.31,	1525922908,	F,	05/09/18+22:28:29
66.31,	1525922915,	F,	05/09/18+22:28:35
66.31,	1525922921,	F,	05/09/18+22:28:41
66.31,	1525922928,	F,	05/09/18+22:28:48
66.31,	1525922934,	F,	05/09/18+22:28:54
66.31,	1525922941,	F,	05/09/18+22:29:01
66.31,	1525922947,	F,	05/09/18+22:29:07
66.31,	1525922953,	F,	05/09/18+22:29:13
66.31,	1525922960,	F,	05/09/18+22:29:20
66.31,	1525922966,	F,	05/09/18+22:29:26
66.31,	1525922973,	F,	05/09/18+22:29:33
66.31,	1525922979,	F,	05/09/18+22:29:39
66.31,	1525922986,	F,	05/09/18+22:29:46
66.31,	1525922992,	F,	05/09/18+22:29:52
66.31,	1525922998,	F,	05/09/18+22:29:59
66.31,	1525923005,	F,	05/09/18+22:30:05
66.31,	1525923011,	F,	05/09/18+22:30:11
66.31,	1525923018,	F,	05/09/18+22:30:18
66.31,	1525923024,	F,	05/09/18+22:30:24
66.31,	1525923031,	F,	05/09/18+22:30:31
66.31,	1525923037,	F,	05/09/18+22:30:37
66.31,	1525923043,	F,	05/09/18+22:30:43
66.31,	1525923050,	F,	05/09/18+22:30:50
66.31,	1525923056,	F,	05/09/18+22:30:56
66.31,	1525923063,	F,	05/09/18+22:31:03
66.31,	1525923069,	F,	05/09/18+22:31:09
66.31,	1525923075,	F,	05/09/18+22:31:15
66.31,	1525923082,	F,	05/09/18+22:31:22
66.31,	1525923088,	F,	05/09/18+22:31:28
66.31,	1525923095,	F,	05/09/18+22:31:35
66.31,	1525923101,	F,	05/09/18+22:31:41
66.20,	1525923108,	F,	05/09/18+22:31:48
66.20,	1525923114,	F,	05/09/18+22:31:54
66.20,	1525923121,	F,	05/09/18+22:32:01
66.31,	1525923127,	F,	05/09/18+22:32:07
66.20,	1525923133,	F,	05/09/18+22:32:13
66.20,	1525923140,	F,	05/09/18+22:32:20
66.20,	1525923146,	F,	05/09/18+22:32:26
66.31,	1525923153,	F,	05/09/18+22:32:33
66.20,	1525923159,	F,	05/09/18+22:32:39
66.20,	1525923165,	F,	05/09/18+22:32:45
66.20,	1525923172,	F,	05/09/18+22:32:52
66.20,	1525923178,	F,	05/09/18+22:32:58
66.20,	1525923185,	F,	05/09/18+22:33:05
66.20,	1525923191,	F,	05/09/18+22:33:11
66.20,	1525923198,	F,	05/09/18+22:33:18
66.20,	1525923204,	F,	05/09/18+22:33:24
66.20,	1525923210,	F,	05/09/18+22:33:30
66.20,	1525923217,	F,	05/09/18+22:33:37
66.20,	1525923223,	F,	05/09/18+22:33:43
66.20,	1525923230,	F,	05/09/18+22:33:50
66.20,	1525923236,	F,	05/09/18+22:33:56
66.20,	1525923242,	F,	05/09/18+22:34:02
66.20,	1525923249,	F,	05/09/18+22:34:09
66.20,	1525923255,	F,	05/09/18+22:34:15
66.20,	1525923261,	F,	05/09/18+22:34:21
66.20,	1525923267,	F,	05/09/18+22:34:27
66.20,	1525923274,	F,	05/09/18+22:34:34
66.20,	1525923280,	F,	05/09/18+22:34:40
66.20,	1525923286,	F,	05/09/18+22:34:46
66.20,	1525923292,	F,	05/09/18+22:34:52
66.20,	1525923298,	F,	05/09/18+22:34:58
66.20,	1525923304,	F,	05/09/18+22:35:04
66.20,	1525923311,	F,	05/09/18+22:35:11
66.20,	1525923317,	F,	05/09/18+22:35:17
66.20,	1525923323,	F,	05/09/18+22:35:23
66.20,	1525923329,	F,	05/09/18+22:35:29
66.20,	1525923335,	F,	05/09/18+22:35:35
66.20,	1525923341,	F,	05/09/18+22:35:41
66.20,	1525923347,	F,	05/09/18+22:35:47
66.20,	1525923353,	F,	05/09/18+22:35:53
66.20,	1525923359,	F,	05/09/18+22:35:59
66.20,	1525923365,	F,	05/09/18+22:36:05
66.20,	1525923371,	F,	05/09/18+22:36:11
66.20,	1525923377,	F,	05/09/18+22:36:17
66.20,	1525923383,	F,	05/09/18+22:36:23
66.20,	1525923389,	F,	05/09/18+22:36:29
66.20,	1525923395,	F,	05/09/18+22:36:35
66.20,	1525923401,	F,	05/09/18+22:36:41
65.75,	1525957602,	F,	05/10/18+08:06:42
65.75,	1525957608,	F,	05/10/18+08:06:48
65.75,	1525957614,	F,	05/10/18+08:06:54
65.75,	1525957620,	F,	05/10/18+08:07:00
65.75,	1525957626,	F,	05/10/18+08:07:06
65.75,	1525957632,	F,	05/10/18+08:07:12
65.75,	1525957639,	F,	05/10/18+08:07:19
65.75,	1525957645,	F,	05/10/18+08:07:25
65.75,	1525957651,	F,	05/10/18+08:07:31
65.75,	1525957657,	F,	05/10/18+08:07:37
65.75,	1525957663,	F,	05/10/18+08:07:43
65.75,	1525957669,	F,	05/10/18+08:07:49
65.75,	1525957676,	F,	05/10/18+08:07:56
65.75,	1525957682,	F,	05/10/18+08:08:02
65.75,	1525957688,	F,	05/10/18+08:08:08
65.75,	1525957694,	F,	05/10/18+08:08:14
65.75,	1525957700,	F,	05/10/18+08:08:20
65.75,	1525957706,	F,	05/10/18+08:08:26
65.86,	1525957713,	F,	05/10/18+08:08:33
65.75,	1525957719,	F,	05/10/18+08:08:39
65.75,	1525957725,	F,	05/10/18+08:08:45
65.75,	1525957731,	F,	05/10/18+08:08:51
65.75,	1525957737,	F,	05/10/18+08:08:57
65.75,	1525957743,	F,	05/10/18+08:09:03
65.75,	1525957750,	F,	05/10/18+08:09:10
65.75,	1525957756,	F,	05/10/18+08:09:16
65.75,	1525957762,	F,	05/10/18+08:09:22
65.75,	1525957768,	F,	05/10/18+08:09:28
65.75,	1525957774,	F,	05/10/18+08:09:34
65.75,	1525957780,	F,	05/10/18+08:09:40
65.75,	1525957787,	F,	05/10/18+08:09:47
65.75,	1525957793,	F,	05/10/18+08:09:53
65.75,	1525957799,	F,	05/10/18+08:09:59
65.75,	1525957805,	F,	05/10/18+08:10:05
65.75,	1525957811,	F,	05/10/18+08:10:11
65.75,	1525957817,	F,	05/10/18+08:10:17
65.75,	1525957823,	F,	05/10/18+08:10:23
65.75,	1525957830,	F,	05/10/18+08:10:30
65.75,	1525957836,	F,	05/10/18+08:10:36
65.75,	1525957842,	F,	05/10/18+08:10:42
65.75,	1525957848,	F,	05/10/18+08:10:48
65.75,	1525957854,	F,	05/10/18+08:10:54
65.75,	1525957860,	F,	05/10/18+08:11:00
65.75,	1525957867,	F,	05/10/18+08:11:07
65.75,	1525957873,	F,	05/10/18+08:11:13
65.75,	1525957879,	F,	05/10/18+08:11:19
65.75,	1525957885,	F,	05/10/18+08:11:25
65.75,	1525957891,	F,	05/10/18+08:11:31
65.75,	1525957897,	F,	05/10/18+08:11:37
65.75,	1525957904,	F,	05/10/18+08:11:44
65.75,	1525957910,	F,	05/10/18+08:11:50
65.75,	1525957916,	F,	05/10/18+08:11:56
65.75,	1525957922,	F,	05/10/18+08:12:02
65.75,	1525957928,	F,	05/10/18+08:12:08
65.75,	1525957934,	F,	05/10/18+08:12:14
65.75,	1525957941,	F,	05/10/18+08:12:21
65.75,	1525957947,	F,	05/10/18+08:12:27
65.75,	1525957953,	F,	05/10/18+08:12:33
65.86,	1525957959,	F,	05/10/18+08:12:39
65.75,	1525957965,	F,	05/10/18+08:12:45
65.75,	1525957971,	F,	05/10/18+08:12:51
65.75,	1525957978,	F,	05/10/18+08:12:58
65.75,	1525957984,	F,	05/10/18+08:13:04
65.75,	1525957990,	F,	05/10/18+08:13:10
65.75,	1525957996,	F,	05/10/18+08:13:16
65.86,	1525958002,	F,	05/10/18+08:13:22
65.75,	1525958008,	F,	05/10/18+08:13:28
65.75,	1525958015,	F,	05/10/18+08:13:35
65.75,	1525958021,	F,	05/10/18+08:13:41
65.75,	1525958027,	F,	05/10/18+08:13:47
65.75,	1525958033,	F,	05/10/18+08:13:53
65.75,	1525958039,	F,	05/10/18+08:13:59
65.75,	1525958045,	F,	05/10/18+08:14:05
65.75,	1525958051,	F,	05/10/18+08:14:12
65.75,	1525958058,	F,	05/10/18+08:14:18
65.75,	1525958064,	F,	05/10/18+08:14:24
65.75,	1525958070,	F,	05/10/18+08:14:30
65.86,	1525958076,	F,	05/10/18+08:14:36
65.86,	1525958082,	F,	05/10/18+08:14:42
65.75,	1525958088,	F,	05/10/18+08:14:48
65.75,	1525958095,	F,	05/10/18+08:14:55
65.75,	1525958101,	F,	05/10/18+08:15:01
65.75,	1525958107,	F,	05/10/18+08:15:07
65.75,	1525958113,	F,	05/10/18+08:15:13
65.75,	1525958119,	F,	05/10/18+08:15:19
65.75,	1525958125,	F,	05/10/18+08:15:25
65.75,	1525958132,	F,	05/10/18+08:15:32
65.75,	1525958138,	F,	05/10/18+08:15:38
65.75,	1525958144,	F,	05/10/18+08:15:44
65.75,	1525958150,	F,	05/10/18+08:15:50
65.75,	1525958156,	F,	05/10/18+08:15:56
65.75,	1525958162,	F,	05/10/18+08:16:02
65.75,	1525958169,	F,	05/10/18+08:16:09
65.75,	1525958175,	F,	05/10/18+08:16:15
65.75,	1525958181,	F,	05/10/18+08:16:21
65.75,	1525958187,	F,	05/10/18+08:16:27
65.75,	1525958193,	F,	05/10/18+08:16:33
65.75,	1525958199,	F,	05/10/18+08:16:39
65.75,	1525958205,	F,	05/10/18+08:16:46
65.75,	1525958212,	F,	05/10/18+08:16:52
65.75,	1525958218,	F,	05/10/18+08:16:58
65.75,	1525958224,	F,	05/10/18+08:17:04
65.75,	1525958230,	F,	05/10/18+08:17:10
65.75,	1525958236,	F,	05/10/18+08:17:16
65.75,	1525958242,	F,	05/10/18+08:17:22
65.75,	1525958249,	F,	05/10/18+08:17:29
65.75,	1525958255,	F,	05/10/18+08:17:35
65.75,	1525958261,	F,	05/10/18+08:17:41
65.75,	1525958267,	F,	05/10/18+08:17:47
65.75,	1525958273,	F,	05/10/18+08:17:53
65.75,	1525958279,	F,	05/10/18+08:17:59
65.75,	1525958286,	F,	05/10/18+08:18:06
65.75,	1525958292,	F,	05/10/18+08:18:12
65.75,	1525958298,	F,	05/10/18+08:18:18
65.86,	1525958304,	F,	05/10/18+08:18:24
65.75,	1525958310,	F,	05/10/18+08:18:30
65.86,	1525958316,	F,	05/10/18+08:18:36
65.75,	1525958323,	F,	05/10/18+08:18:43
65.75,	1525958329,	F,	05/10/18+08:18:49
65.75,	1525958335,	F,	05/10/18+08:18:55
65.75,	1525958341,	F,	05/10/18+08:19:01
65.75,	1525958347,	F,	05/10/18+08:19:07
65.75,	1525958353,	F,	05/10/18+08:19:13
65.75,	1525958359,	F,	05/10/18+08:19:20
65.75,	1525958366,	F,	05/10/18+08:19:26
65.75,	1525958372,	F,	05/10/18+08:19:32
65.75,	1525958378,	F,	05/10/18+08:19:38
65.75,	1525958384,	F,	05/10/18+08:19:44
65.75,	1525958390,	F,	05/10/18+08:19:50
65.86,	1525958396,	F,	05/10/18+08:19:56
65.75,	1525958403,	F,	05/10/18+08:20:03
65.75,	1525958409,	F,	05/10/18+08:20:09
65.75,	1525958415,	F,	05/10/18+08:20:15
65.75,	1525958421,	F,	05/10/18+08:20:21
65.75,	1525958427,	F,	05/10/18+08:20:27
65.75,	1525958433,	F,	05/10/18+08:20:33
65.75,	1525958440,	F,	05/10/18+08:20:40
65.75,	1525958446,	F,	05/10/18+08:20:46
65.75,	1525958452,	F,	05/10/18+08:20:52
65.75,	1525958458,	F,	05/10/18+08:20:58
65.75,	1525958464,	F,	05/10/18+08:21:04
65.75,	1525958470,	F,	05/10/18+08:21:10
65.75,	1525958477,	F,	05/10/18+08:21:17
65.86,	1525958483,	F,	05/10/18+08:21:23
65.75,	1525958489,	F,	05/10/18+08:21:29
65.75,	1525958495,	F,	05/10/18+08:21:35
65.86,	1525958501,	F,	05/10/18+08:21:41
65.86,	1525958507,	F,	05/10/18+08:21:47
65.75,	1525958513,	F,	05/10/18+08:21:54
65.75,	1525958520,	F,	05/10/18+08:22:00
65.75,	1525958526,	F,	05/10/18+08:22:06
65.75,	1525958532,	F,	05/10/18+08:22:12
65.86,	1525958538,	F,	05/10/18+08:22:18
65.75,	1525958544,	F,	05/10/18+08:22:24
65.75,	1525958550,	F,	05/10/18+08:22:30
65.86,	1525958557,	F,	05/10/18+08:22:37
65.75,	1525958563,	F,	05/10/18+08:22:43
65.86,	1525958569,	F,	05/10/18+08:22:49
65.86,	1525958575,	F,	05/10/18+08:22:55
65.86,	1525958581,	F,	05/10/18+08:23:01
65.75,	1525958587,	F,	05/10/18+08:23:07
65.86,	1525958594,	F,	05/10/18+08:23:14
65.75,	1525958600,	F,	05/10/18+08:23:20
65.75,	1525958606,	F,	05/10/18+08:23:26
65.75,	1525958612,	F,	05/10/18+08:23:32
65.75,	1525958618,	F,	05/10/18+08:23:38
65.75,	1525958624,	F,	05/10/18+08:23:44
65.75,	1525958631,	F,	05/10/18+08:23:51
65.75,	1525958637,	F,	05/10/18+08:23:57
65.86,	1525958643,	F,	05/10/18+08:24:03
65.86,	1525958649,	F,	05/10/18+08:24:09
65.75,	1525958655,	F,	05/10/18+08:24:15
65.75,	1525958661,	F,	05/10/18+08:24:21
65.86,	1525958667,	F,	05/10/18+08:24:28
65.75,	1525958674,	F,	05/10/18+08:24:34
65.86,	1525958680,	F,	05/10/18+08:24:40
65.86,	1525958686,	F,	05/10/18+08:24:46
65.86,	1525958692,	F,	05/10/18+08:24:52
65.86,	1525958698,	F,	05/10/18+08:24:58
65.86,	1525958704,	F,	05/10/18+08:25:04
65.86,	1525958711,	F,	05/10/18+08:25:11
65.86,	1525958717,	F,	05/10/18+08:25:17
65.86,	1525958723,	F,	05/10/18+08:25:23
65.86,	1525958729,	F,	05/10/18+08:25:29
65.86,	1525958735,	F,	05/10/18+08:25:35
65.86,	1525958741,	F,	05/10/18+08:25:41
65.86,	1525958748,	F,	05/10/18+08:25:48
65.86,	1525958754,	F,	05/10/18+08:25:54
65.86,	1525958760,	F,	05/10/18+08:26:00
65.86,	1525958766,	F,	05/10/18+08:26:06
65.86,	1525958772,	F,	05/10/18+08:26:12
65.86,	1525958778,	F,	05/10/18+08:26:18
65.86,	1525958785,	F,	05/10/18+08:26:25
65.86,	1525958791,	F,	05/10/18+08:26:31
65.86,	1525958797,	F,	05/10/18+08:26:37
65.86,	1525958803,	F,	05/10/18+08:26:43
65.86,	1525958809,	F,	05/10/18+08:26:49
65.86,	1525958815,	F,	05/10/18+08:26:55
65.86,	1525958821,	F,	05/10/18+08:27:02
65.86,	1525958828,	F,	05/10/18+08:27:08
65.86,	1525958834,	F,	05/10/18+08:27:14
65.86,	1525958840,	F,	05/10/18+08:27:20
65.86,	1525958846,	F,	05/10/18+08:27:26
65.86,	1525958852,	F,	05/10/18+08:27:32
65.86,	1525958858,	F,	05/10/18+08:27:38
65.86,	1525958865,	F,	05/10/18+08:27:45
65.86,	1525958871,	F,	05/10/18+08:27:51
65.86,	1525958877,	F,	05/10/18+08:27:57
65.86,	1525958883,	F,	05/10/18+08:28:03
65.86,	1525958889,	F,	05/10/18+08:28:09
65.86,	1525958895,	F,	05/10/18+08:28:15
65.86,	1525958902,	F,	05/10/18+08:28:22
65.86,	1525958908,	F,	05/10/18+08:28:28
65.86,	1525958914,	F,	05/10/18+08:28:34
65.86,	1525958920,	F,	05/10/18+08:28:40
65.86,	1525958926,	F,	05/10/18+08:28:46
65.86,	1525958932,	F,	05/10/18+08:28:52
65.86,	1525958939,	F,	05/10/18+08:28:59
65.86,	1525958945,	F,	05/10/18+08:29:05
65.86,	1525958951,	F,	05/10/18+08:29:11
65.86,	1525958957,	F,	05/10/18+08:29:17
65.86,	1525958963,	F,	05/10/18+08:29:23
65.86,	1525958969,	F,	05/10/18+08:29:29
65.86,	1525958975,	F,	05/10/18+08:29:35
65.86,	1525958982,	F,	05/10/18+08:29:42
65.86,	1525958988,	F,	05/10/18+08:29:48
65.86,	1525958994,	F,	05/10/18+08:29:54
65.86,	1525959000,	F,	05/10/18+08:30:00
65.86,	1525959006,	F,	05/10/18+08:30:06
65.86,	1525959012,	F,	05/10/18+08:30:12
65.86,	1525959019,	F,	05/10/18+08:30:19
65.86,	1525959025,	F,	05/10/18+08:30:25
65.86,	1525959031,	F,	05/10/18+08:30:31
65.86,	1525959037,	F,	05/10/18+08:30:37
65.86,	1525959043,	F,	05/10/18+08:30:43
65.86,	1525959049,	F,	05/10/18+08:30:49
65.86,	1525959056,	F,	05/10/18+08:30:56
65.86,	1525959062,	F,	05/10/18+08:31:02
65.86,	1525959068,	F,	05/10/18+08:31:08
65.86,	1525959074,	F,	05/10/18+08:31:14
65.86,	1525959080,	F,	05/10/18+08:31:20
65.86,	1525959086,	F,	05/10/18+08:31:26
65.86,	1525959093,	F,	05/10/18+08:31:33
65.86,	1525959099,	F,	05/10/18+08:31:39
65.86,	1525959105,	F,	05/10/18+08:31:45
65.86,	1525959111,	F,	05/10/18+08:31:51
65.86,	1525959117,	F,	05/10/18+08:31:57
65.86,	1525959123,	F,	05/10/18+08:32:03
65.86,	1525959129,	F,	05/10/18+08:32:09
65.86,	1525959136,	F,	05/10/18+08:32:16
65.86,	1525959142,	F,	05/10/18+08:32:22
65.86,	1525959148,	F,	05/10/18+08:32:28
65.86,	1525959154,	F,	05/10/18+08:32:34
65.86,	1525959160,	F,	05/10/18+08:32:40
65.86,	1525959166,	F,	05/10/18+08:32:46
65.86,	1525959173,	F,	05/10/18+08:32:53
65.86,	1525959179,	F,	05/10/18+08:32:59
65.86,	1525959185,	F,	05/10/18+08:33:05
65.86,	1525959191,	F,	05/10/18+08:33:11
65.86,	1525959197,	F,	05/10/18+08:33:17
65.86,	1525959203,	F,	05/10/18+08:33:23
65.86,	1525959210,	F,	05/10/18+08:33:30
65.86,	1525959216,	F,	05/10/18+08:33:36
65.86,	1525959222,	F,	05/10/18+08:33:42
65.86,	1525959228,	F,	05/10/18+08:33:48
65.86,	1525959234,	F,	05/10/18+08:33:54
65.86,	1525959240,	F,	05/10/18+08:34:00
65.86,	1525959247,	F,	05/10/18+08:34:07
65.86,	1525959253,	F,	05/10/18+08:34:13
65.86,	1525959259,	F,	05/10/18+08:34:19
65.86,	1525959265,	F,	05/10/18+08:34:25
65.86,	1525959271,	F,	05/10/18+08:34:31
65.86,	1525959277,	F,	05/10/18+08:34:37
65.86,	1525959283,	F,	05/10/18+08:34:43
65.86,	1525959290,	F,	05/10/18+08:34:50
65.86,	1525959296,	F,	05/10/18+08:34:56
65.86,	1525959302,	F,	05/10/18+08:35:02
65.86,	1525959308,	F,	05/10/18+08:35:08
65.86,	1525959314,	F,	05/10/18+08:35:14
65.86,	1525959320,	F,	05/10/18+08:35:20
65.86,	1525959327,	F,	05/10/18+08:35:27
65.86,	1525959333,	F,	05/10/18+08:35:33
65.86,	1525959339,	F,	05/10/18+08:35:39
65.86,	1525959345,	F,	05/10/18+08:35:45
65.86,	1525959351,	F,	05/10/18+08:35:51
65.86,	1525959357,	F,	05/10/18+08:35:57
65.86,	1525959364,	F,	05/10/18+08:36:04
65.86,	1525959370,	F,	05/10/18+08:36:10
65.86,	1525959376,	F,	05/10/18+08:36:16
65.86,	1525959382,	F,	05/10/18+08:36:22
65.86,	1525959388,	F,	05/10/18+08:36:28
65.86,	1525959394,	F,	05/10/18+08:36:34
65.86,	1525959401,	F,	05/10/18+08:36:41
65.86,	1525959407,	F,	05/10/18+08:36:47
65.86,	1525959413,	F,	05/10/18+08:36:53
65.86,	1525959419,	F,	05/10/18+08:36:59
65.86,	1525959425,	F,	05/10/18+08:37:05
65.86,	1525959431,	F,	05/10/18+08:37:11
65.86,	1525959437,	F,	05/10/18+08:37:17
65.86,	1525959444,	F,	05/10/18+08:37:24
65.86,	1525959450,	F,	05/10/18+08:37:30
65.86,	1525959456,	F,	05/10/18+08:37:36
65.86,	1525959462,	F,	05/10/18+08:37:42
65.86,	1525959468,	F,	05/10/18+08:37:48
65.86,	1525959474,	F,	05/10/18+08:37:54
65.86,	1525959481,	F,	05/10/18+08:38:01
65.86,	1525959487,	F,	05/10/18+08:38:07
65.86,	1525959493,	F,	05/10/18+08:38:13
65.86,	1525959499,	F,	05/10/18+08:38:19
65.86,	1525959505,	F,	05/10/18+08:38:25
65.86,	1525959511,	F,	05/10/18+08:38:31
65.86,	1525959518,	F,	05/10/18+08:38:38
65.86,	1525959524,	F,	05/10/18+08:38:44
65.86,	1525959530,	F,	05/10/18+08:38:50
65.86,	1525959536,	F,	05/10/18+08:38:56
65.86,	1525959542,	F,	05/10/18+08:39:02
65.86,	1525959548,	F,	05/10/18+08:39:08
65.86,	1525959555,	F,	05/10/18+08:39:15
65.86,	1525959561,	F,	05/10/18+08:39:21
65.86,	1525959567,	F,	05/10/18+08:39:27
65.86,	1525959573,	F,	05/10/18+08:39:33
65.86,	1525959579,	F,	05/10/18+08:39:39
65.86,	1525959585,	F,	05/10/18+08:39:45
65.86,	1525959592,	F,	05/10/18+08:39:52
65.86,	1525959598,	F,	05/10/18+08:39:58
65.86,	1525959604,	F,	05/10/18+08:40:04
65.86,	1525959610,	F,	05/10/18+08:40:10
65.86,	1525959616,	F,	05/10/18+08:40:16
65.86,	1525959623,	F,	05/10/18+08:40:23
65.86,	1525959629,	F,	05/10/18+08:40:29
65.86,	1525959635,	F,	05/10/18+08:40:35
65.86,	1525959641,	F,	05/10/18+08:40:41
65.86,	1525959647,	F,	05/10/18+08:40:47
65.86,	1525959653,	F,	05/10/18+08:40:53
65.86,	1525959660,	F,	05/10/18+08:41:00
65.86,	1525959666,	F,	05/10/18+08:41:06
65.86,	1525959672,	F,	05/10/18+08:41:12
65.86,	1525959678,	F,	05/10/18+08:41:18
65.86,	1525959684,	F,	05/10/18+08:41:24
65.86,	1525959690,	F,	05/10/18+08:41:30
65.86,	1525959697,	F,	05/10/18+08:41:37
65.86,	1525959703,	F,	05/10/18+08:41:43
65.86,	1525959709,	F,	05/10/18+08:41:49
65.86,	1525959715,	F,	05/10/18+08:41:55
65.86,	1525959721,	F,	05/10/18+08:42:01
65.86,	1525959727,	F,	05/10/18+08:42:07
65.86,	1525959734,	F,	05/10/18+08:42:14
65.86,	1525959740,	F,	05/10/18+08:42:20
65.86,	1525959746,	F,	05/10/18+08:42:26
65.86,	1525959752,	F,	05/10/18+08:42:32
65.86,	1525959758,	F,	05/10/18+08:42:38
65.86,	1525959764,	F,	05/10/18+08:42:44
65.86,	1525959771,	F,	05/10/18+08:42:51
65.86,	1525959777,	F,	05/10/18+08:42:57
65.86,	1525959783,	F,	05/10/18+08:43:03
65.86,	1525959789,	F,	05/10/18+08:43:09
65.86,	1525959795,	F,	05/10/18+08:43:15
65.86,	1525959801,	F,	05/10/18+08:43:21
65.86,	1525959807,	F,	05/10/18+08:43:28
65.86,	1525959814,	F,	05/10/18+08:43:34
65.86,	1525959820,	F,	05/10/18+08:43:40
65.86,	1525959826,	F,	05/10/18+08:43:46
65.86,	1525959832,	F,	05/10/18+08:43:52
65.86,	1525959838,	F,	05/10/18+08:43:58
65.86,	1525959844,	F,	05/10/18+08:44:04
65.86,	1525959851,	F,	05/10/18+08:44:11
65.86,	1525959857,	F,	05/10/18+08:44:17
65.86,	1525959863,	F,	05/10/18+08:44:23
65.86,	1525959869,	F,	05/10/18+08:44:29
65.86,	1525959875,	F,	05/10/18+08:44:35
65.86,	1525959881,	F,	05/10/18+08:44:41
65.86,	1525959888,	F,	05/10/18+08:44:48
65.86,	1525959894,	F,	05/10/18+08:44:54
65.86,	1525959900,	F,	05/10/18+08:45:00
65.86,	1525959906,	F,	05/10/18+08:45:06
65.86,	1525959912,	F,	05/10/18+08:45:12
65.86,	1525959918,	F,	05/10/18+08:45:18
65.86,	1525959925,	F,	05/10/18+08:45:25
65.86,	1525959931,	F,	05/10/18+08:45:31
65.86,	1525959937,	F,	05/10/18+08:45:37
65.86,	1525959943,	F,	05/10/18+08:45:43
65.86,	1525959949,	F,	05/10/18+08:45:49
65.86,	1525959955,	F,	05/10/18+08:45:55
65.86,	1525959961,	F,	05/10/18+08:46:01
65.86,	1525959968,	F,	05/10/18+08:46:08
65.86,	1525959974,	F,	05/10/18+08:46:14
65.86,	1525959980,	F,	05/10/18+08:46:20
65.86,	1525959986,	F,	05/10/18+08:46:26
65.86,	1525959992,	F,	05/10/18+08:46:32
65.86,	1525959998,	F,	05/10/18+08:46:38
65.86,	1525960005,	F,	05/10/18+08:46:45
65.86,	1525960011,	F,	05/10/18+08:46:51
65.86,	1525960017,	F,	05/10/18+08:46:57
65.86,	1525960023,	F,	05/10/18+08:47:03
65.86,	1525960029,	F,	05/10/18+08:47:09
65.86,	1525960035,	F,	05/10/18+08:47:15
65.86,	1525960042,	F,	05/10/18+08:47:22
65.86,	1525960048,	F,	05/10/18+08:47:28
65.86,	1525960054,	F,	05/10/18+08:47:34
65.86,	1525960060,	F,	05/10/18+08:47:40
65.86,	1525960066,	F,	05/10/18+08:47:46
65.86,	1525960072,	F,	05/10/18+08:47:52
65.86,	1525960079,	F,	05/10/18+08:47:59
65.86,	1525960085,	F,	05/10/18+08:48:05
65.86,	1525960091,	F,	05/10/18+08:48:11
65.86,	1525960097,	F,	05/10/18+08:48:17
65.86,	1525960103,	F,	05/10/18+08:48:23
65.86,	1525960109,	F,	05/10/18+08:48:29
65.86,	1525960115,	F,	05/10/18+08:48:35
65.86,	1525960122,	F,	05/10/18+08:48:42
65.86,	1525960128,	F,	05/10/18+08:48:48
65.86,	1525960134,	F,	05/10/18+08:48:54
65.86,	1525960140,	F,	05/10/18+08:49:00
65.86,	1525960146,	F,	05/10/18+08:49:06
65.86,	1525960152,	F,	05/10/18+08:49:12
65.86,	1525960159,	F,	05/10/18+08:49:19
65.86,	1525960165,	F,	05/10/18+08:49:25
65.86,	1525960171,	F,	05/10/18+08:49:31
65.86,	1525960177,	F,	05/10/18+08:49:37
65.86,	1525960183,	F,	05/10/18+08:49:43
65.86,	1525960189,	F,	05/10/18+08:49:49
65.86,	1525960196,	F,	05/10/18+08:49:56
65.86,	1525960202,	F,	05/10/18+08:50:02
65.86,	1525960208,	F,	05/10/18+08:50:08
65.86,	1525960214,	F,	05/10/18+08:50:14
65.86,	1525960220,	F,	05/10/18+08:50:20
65.86,	1525960226,	F,	05/10/18+08:50:26
65.86,	1525960233,	F,	05/10/18+08:50:33
65.86,	1525960239,	F,	05/10/18+08:50:39
65.86,	1525960245,	F,	05/10/18+08:50:45
65.86,	1525960251,	F,	05/10/18+08:50:51
65.86,	1525960257,	F,	05/10/18+08:50:57
65.86,	1525960263,	F,	05/10/18+08:51:03
65.86,	1525960269,	F,	05/10/18+08:51:09
65.86,	1525960276,	F,	05/10/18+08:51:16
65.86,	1525960282,	F,	05/10/18+08:51:22
65.86,	1525960288,	F,	05/10/18+08:51:28
65.86,	1525960294,	F,	05/10/18+08:51:34
65.86,	1525960300,	F,	05/10/18+08:51:40
65.86,	1525960306,	F,	05/10/18+08:51:46
65.86,	1525960313,	F,	05/10/18+08:51:53
65.86,	1525960319,	F,	05/10/18+08:51:59
65.86,	1525960325,	F,	05/10/18+08:52:05
65.86,	1525960331,	F,	05/10/18+08:52:11
65.86,	1525960337,	F,	05/10/18+08:52:17
65.86,	1525960343,	F,	05/10/18+08:52:23
65.86,	1525960350,	F,	05/10/18+08:52:30
65.86,	1525960356,	F,	05/10/18+08:52:36
65.86,	1525960362,	F,	05/10/18+08:52:42
65.86,	1525960368,	F,	05/10/18+08:52:48
65.86,	1525960374,	F,	05/10/18+08:52:54
65.86,	1525960380,	F,	05/10/18+08:53:00
65.86,	1525960387,	F,	05/10/18+08:53:07
65.86,	1525960393,	F,	05/10/18+08:53:13
65.86,	1525960399,	F,	05/10/18+08:53:19
65.86,	1525960405,	F,	05/10/18+08:53:25
65.86,	1525960411,	F,	05/10/18+08:53:31
65.86,	1525960417,	F,	05/10/18+08:53:37
65.86,	1525960423,	F,	05/10/18+08:53:43
65.86,	1525960430,	F,	05/10/18+08:53:50
65.86,	1525960436,	F,	05/10/18+08:53:56
65.86,	1525960442,	F,	05/10/18+08:54:02
65.86,	1525960448,	F,	05/10/18+08:54:08
65.86,	1525960454,	F,	05/10/18+08:54:14
65.86,	1525960460,	F,	05/10/18+08:54:20
65.86,	1525960467,	F,	05/10/18+08:54:27
65.86,	1525960473,	F,	05/10/18+08:54:33
65.86,	1525960479,	F,	05/10/18+08:54:39
65.86,	1525960485,	F,	05/10/18+08:54:45
65.86,	1525960491,	F,	05/10/18+08:54:51
65.86,	1525960497,	F,	05/10/18+08:54:57
65.86,	1525960504,	F,	05/10/18+08:55:04
65.86,	1525960510,	F,	05/10/18+08:55:10
65.86,	1525960516,	F,	05/10/18+08:55:16
65.86,	1525960522,	F,	05/10/18+08:55:22
65.86,	1525960528,	F,	05/10/18+08:55:28
65.86,	1525960534,	F,	05/10/18+08:55:34
65.86,	1525960541,	F,	05/10/18+08:55:41
65.86,	1525960547,	F,	05/10/18+08:55:47
65.86,	1525960553,	F,	05/10/18+08:55:53
65.86,	1525960559,	F,	05/10/18+08:55:59
65.86,	1525960565,	F,	05/10/18+08:56:05
65.86,	1525960571,	F,	05/10/18+08:56:11
65.86,	1525960577,	F,	05/10/18+08:56:17
65.86,	1525960584,	F,	05/10/18+08:56:24
65.86,	1525960590,	F,	05/10/18+08:56:30
65.86,	1525960596,	F,	05/10/18+08:56:36
65.86,	1525960602,	F,	05/10/18+08:56:42
65.86,	1525960608,	F,	05/10/18+08:56:48
65.86,	1525960614,	F,	05/10/18+08:56:54
65.86,	1525960621,	F,	05/10/18+08:57:01
65.86,	1525960627,	F,	05/10/18+08:57:07
65.86,	1525960633,	F,	05/10/18+08:57:13
65.86,	1525960639,	F,	05/10/18+08:57:19
65.86,	1525960645,	F,	05/10/18+08:57:25
65.86,	1525960651,	F,	05/10/18+08:57:31
65.86,	1525960658,	F,	05/10/18+08:57:38
65.86,	1525960664,	F,	05/10/18+08:57:44
65.86,	1525960670,	F,	05/10/18+08:57:50
65.86,	1525960676,	F,	05/10/18+08:57:56
65.86,	1525960682,	F,	05/10/18+08:58:02
65.86,	1525960688,	F,	05/10/18+08:58:08
65.86,	1525960695,	F,	05/10/18+08:58:15
65.86,	1525960701,	F,	05/10/18+08:58:21
65.86,	1525960707,	F,	05/10/18+08:58:27
65.86,	1525960713,	F,	05/10/18+08:58:33
65.86,	1525960719,	F,	05/10/18+08:58:39
65.86,	1525960725,	F,	05/10/18+08:58:45
65.86,	1525960731,	F,	05/10/18+08:58:52
65.86,	1525960738,	F,	05/10/18+08:58:58
65.86,	1525960744,	F,	05/10/18+08:59:04
65.86,	1525960750,	F,	05/10/18+08:59:10
65.86,	1525960756,	F,	05/10/18+08:59:16
65.86,	1525960762,	F,	05/10/18+08:59:22
65.86,	1525960768,	F,	05/10/18+08:59:28
65.86,	1525960775,	F,	05/10/18+08:59:35
65.86,	1525960781,	F,	05/10/18+08:59:41
65.86,	1525960787,	F,	05/10/18+08:59:47
65.86,	1525960793,	F,	05/10/18+08:59:53
65.86,	1525960799,	F,	05/10/18+08:59:59
65.86,	1525960805,	F,	05/10/18+09:00:05
65.86,	1525960812,	F,	05/10/18+09:00:12
65.86,	1525960818,	F,	05/10/18+09:00:18
65.86,	1525960824,	F,	05/10/18+09:00:24
65.86,	1525960830,	F,	05/10/18+09:00:30
65.86,	1525960836,	F,	05/10/18+09:00:36
65.86,	1525960842,	F,	05/10/18+09:00:42
65.86,	1525960849,	F,	05/10/18+09:00:49
65.86,	1525960855,	F,	05/10/18+09:00:55
65.86,	1525960861,	F,	05/10/18+09:01:01
65.86,	1525960867,	F,	05/10/18+09:01:07
65.86,	1525960873,	F,	05/10/18+09:01:13
65.86,	1525960879,	F,	05/10/18+09:01:19
65.86,	1525960885,	F,	05/10/18+09:01:25
65.86,	1525960892,	F,	05/10/18+09:01:32
65.86,	1525960898,	F,	05/10/18+09:01:38
65.86,	1525960904,	F,	05/10/18+09:01:44
65.86,	1525960910,	F,	05/10/18+09:01:50
65.86,	1525960916,	F,	05/10/18+09:01:56
65.86,	1525960922,	F,	05/10/18+09:02:02
65.86,	1525960929,	F,	05/10/18+09:02:09
65.86,	1525960935,	F,	05/10/18+09:02:15
65.86,	1525960941,	F,	05/10/18+09:02:21
65.86,	1525960947,	F,	05/10/18+09:02:27
65.86,	1525960953,	F,	05/10/18+09:02:33
65.86,	1525960959,	F,	05/10/18+09:02:39
65.86,	1525960966,	F,	05/10/18+09:02:46
65.86,	1525960972,	F,	05/10/18+09:02:52
65.86,	1525960978,	F,	05/10/18+09:02:58
65.86,	1525960984,	F,	05/10/18+09:03:04
65.86,	1525960990,	F,	05/10/18+09:03:10
65.86,	1525960996,	F,	05/10/18+09:03:16
65.86,	1525961003,	F,	05/10/18+09:03:23
65.86,	1525961009,	F,	05/10/18+09:03:29
65.86,	1525961015,	F,	05/10/18+09:03:35
65.86,	1525961021,	F,	05/10/18+09:03:41
65.86,	1525961027,	F,	05/10/18+09:03:47
65.86,	1525961033,	F,	05/10/18+09:03:53
65.86,	1525961039,	F,	05/10/18+09:03:59
65.86,	1525961046,	F,	05/10/18+09:04:06
65.86,	1525961052,	F,	05/10/18+09:04:12
65.86,	1525961058,	F,	05/10/18+09:04:18
65.86,	1525961064,	F,	05/10/18+09:04:24
65.86,	1525961070,	F,	05/10/18+09:04:30
65.86,	1525961076,	F,	05/10/18+09:04:36
65.86,	1525961083,	F,	05/10/18+09:04:43
65.86,	1525961089,	F,	05/10/18+09:04:49
65.86,	1525961095,	F,	05/10/18+09:04:55
65.86,	1525961101,	F,	05/10/18+09:05:01
65.86,	1525961107,	F,	05/10/18+09:05:07
65.86,	1525961113,	F,	05/10/18+09:05:13
65.86,	1525961120,	F,	05/10/18+09:05:20
65.86,	1525961126,	F,	05/10/18+09:05:26
65.86,	1525961132,	F,	05/10/18+09:05:32
65.86,	1525961138,	F,	05/10/18+09:05:38
65.86,	1525961144,	F,	05/10/18+09:05:44
65.86,	1525961150,	F,	05/10/18+09:05:50
65.86,	1525961157,	F,	05/10/18+09:05:57
65.86,	1525961163,	F,	05/10/18+09:06:03
65.86,	1525961169,	F,	05/10/18+09:06:09
65.86,	1525961175,	F,	05/10/18+09:06:15
65.86,	1525961181,	F,	05/10/18+09:06:21
65.86,	1525961187,	F,	05/10/18+09:06:27
65.86,	1525961193,	F,	05/10/18+09:06:33
65.86,	1525961200,	F,	05/10/18+09:06:40
65.86,	1525961206,	F,	05/10/18+09:06:46
65.86,	1525961212,	F,	05/10/18+09:06:52
65.86,	1525961218,	F,	05/10/18+09:06:58
65.86,	1525961224,	F,	05/10/18+09:07:04
65.86,	1525961230,	F,	05/10/18+09:07:10
65.86,	1525961237,	F,	05/10/18+09:07:17
65.86,	1525961243,	F,	05/10/18+09:07:23
65.86,	1525961249,	F,	05/10/18+09:07:29
65.86,	1525961255,	F,	05/10/18+09:07:35
65.86,	1525961261,	F,	05/10/18+09:07:41
65.86,	1525961267,	F,	05/10/18+09:07:47
65.86,	1525961274,	F,	05/10/18+09:07:54
65.86,	1525961280,	F,	05/10/18+09:08:00
65.86,	1525961286,	F,	05/10/18+09:08:06
65.86,	1525961292,	F,	05/10/18+09:08:12
65.86,	1525961298,	F,	05/10/18+09:08:18
65.86,	1525961304,	F,	05/10/18+09:08:24
65.86,	1525961311,	F,	05/10/18+09:08:31
65.86,	1525961317,	F,	05/10/18+09:08:37
65.86,	1525961323,	F,	05/10/18+09:08:43
65.86,	1525961329,	F,	05/10/18+09:08:49
65.86,	1525961335,	F,	05/10/18+09:08:55
65.86,	1525961341,	F,	05/10/18+09:09:01
65.86,	1525961347,	F,	05/10/18+09:09:07
65.86,	1525961354,	F,	05/10/18+09:09:14
65.86,	1525961360,	F,	05/10/18+09:09:20
65.86,	1525961366,	F,	05/10/18+09:09:26
65.86,	1525961372,	F,	05/10/18+09:09:32
65.86,	1525961378,	F,	05/10/18+09:09:38
65.86,	1525961384,	F,	05/10/18+09:09:44
65.86,	1525961391,	F,	05/10/18+09:09:51
65.86,	1525961397,	F,	05/10/18+09:09:57
65.86,	1525961403,	F,	05/10/18+09:10:03
65.86,	1525961409,	F,	05/10/18+09:10:09
65.86,	1525961415,	F,	05/10/18+09:10:15
65.86,	1525961421,	F,	05/10/18+09:10:21
65.86,	1525961428,	F,	05/10/18+09:10:28
65.86,	1525961434,	F,	05/10/18+09:10:34
65.86,	1525961440,	F,	05/10/18+09:10:40
65.86,	1525961446,	F,	05/10/18+09:10:46
65.86,	1525961452,	F,	05/10/18+09:10:52
65.86,	1525961458,	F,	05/10/18+09:10:58
65.86,	1525961465,	F,	05/10/18+09:11:05
65.86,	1525961471,	F,	05/10/18+09:11:11
65.86,	1525961477,	F,	05/10/18+09:11:17
65.86,	1525961483,	F,	05/10/18+09:11:23
65.86,	1525961489,	F,	05/10/18+09:11:29
65.86,	1525961495,	F,	05/10/18+09:11:35
65.86,	1525961501,	F,	05/10/18+09:11:41
65.86,	1525961508,	F,	05/10/18+09:11:48
65.86,	1525961514,	F,	05/10/18+09:11:54
65.86,	1525961520,	F,	05/10/18+09:12:00
65.86,	1525961526,	F,	05/10/18+09:12:06
65.86,	1525961532,	F,	05/10/18+09:12:12
65.86,	1525961538,	F,	05/10/18+09:12:18
65.86,	1525961545,	F,	05/10/18+09:12:25
65.86,	1525961551,	F,	05/10/18+09:12:31
65.86,	1525961557,	F,	05/10/18+09:12:37
65.86,	1525961563,	F,	05/10/18+09:12:43
65.86,	1525961569,	F,	05/10/18+09:12:49
65.86,	1525961575,	F,	05/10/18+09:12:55
65.86,	1525961582,	F,	05/10/18+09:13:02
65.86,	1525961588,	F,	05/10/18+09:13:08
65.86,	1525961594,	F,	05/10/18+09:13:14
65.86,	1525961600,	F,	05/10/18+09:13:20
65.86,	1525961606,	F,	05/10/18+09:13:26
65.86,	1525961612,	F,	05/10/18+09:13:32
65.86,	1525961619,	F,	05/10/18+09:13:39
65.86,	1525961625,	F,	05/10/18+09:13:45
65.86,	1525961631,	F,	05/10/18+09:13:51
65.86,	1525961637,	F,	05/10/18+09:13:57
65.86,	1525961643,	F,	05/10/18+09:14:03
65.86,	1525961649,	F,	05/10/18+09:14:09
65.86,	1525961655,	F,	05/10/18+09:14:15
65.86,	1525961662,	F,	05/10/18+09:14:22
65.86,	1525961668,	F,	05/10/18+09:14:28
65.86,	1525961674,	F,	05/10/18+09:14:34
65.86,	1525961680,	F,	05/10/18+09:14:40
65.86,	1525961686,	F,	05/10/18+09:14:46
65.86,	1525961692,	F,	05/10/18+09:14:52
65.86,	1525961699,	F,	05/10/18+09:14:59
65.86,	1525961705,	F,	05/10/18+09:15:05
65.86,	1525961711,	F,	05/10/18+09:15:11
65.86,	1525961717,	F,	05/10/18+09:15:17
65.86,	1525961723,	F,	05/10/18+09:15:23
65.86,	1525961729,	F,	05/10/18+09:15:29
65.86,	1525961736,	F,	05/10/18+09:15:36
65.86,	1525961742,	F,	05/10/18+09:15:42
65.86,	1525961748,	F,	05/10/18+09:15:48
65.86,	1525961754,	F,	05/10/18+09:15:54
65.86,	1525961760,	F,	05/10/18+09:16:00
65.86,	1525961766,	F,	05/10/18+09:16:06
65.86,	1525961773,	F,	05/10/18+09:16:13
65.86,	1525961779,	F,	05/10/18+09:16:19
65.86,	1525961785,	F,	05/10/18+09:16:25
65.86,	1525961791,	F,	05/10/18+09:16:31
65.86,	1525961797,	F,	05/10/18+09:16:37
65.86,	1525961803,	F,	05/10/18+09:16:43
65.86,	1525961810,	F,	05/10/18+09:16:50
65.86,	1525961816,	F,	05/10/18+09:16:56
65.86,	1525961822,	F,	05/10/18+09:17:02
65.86,	1525961828,	F,	05/10/18+09:17:08
65.86,	1525961834,	F,	05/10/18+09:17:14
65.86,	1525961840,	F,	05/10/18+09:17:20
65.86,	1525961847,	F,	05/10/18+09:17:27
65.86,	1525961853,	F,	05/10/18+09:17:33
65.86,	1525961859,	F,	05/10/18+09:17:39
65.86,	1525961865,	F,	05/10/18+09:17:45
65.86,	1525961871,	F,	05/10/18+09:17:51
65.86,	1525961877,	F,	05/10/18+09:17:57
65.86,	1525961884,	F,	05/10/18+09:18:04
65.86,	1525961890,	F,	05/10/18+09:18:10
65.86,	1525961896,	F,	05/10/18+09:18:16
65.86,	1525961902,	F,	05/10/18+09:18:22
65.86,	1525961908,	F,	05/10/18+09:18:28
65.86,	1525961914,	F,	05/10/18+09:18:34
65.86,	1525961920,	F,	05/10/18+09:18:40
65.86,	1525961927,	F,	05/10/18+09:18:47
65.86,	1525961933,	F,	05/10/18+09:18:53
65.86,	1525961939,	F,	05/10/18+09:18:59
65.86,	1525961945,	F,	05/10/18+09:19:05
65.86,	1525961951,	F,	05/10/18+09:19:11
65.86,	1525961957,	F,	05/10/18+09:19:17
65.86,	1525961964,	F,	05/10/18+09:19:24
65.86,	1525961970,	F,	05/10/18+09:19:30
65.86,	1525961976,	F,	05/10/18+09:19:36
65.86,	1525961982,	F,	05/10/18+09:19:42
65.86,	1525961988,	F,	05/10/18+09:19:48
65.86,	1525961994,	F,	05/10/18+09:19:54
65.86,	1525962001,	F,	05/10/18+09:20:01
65.86,	1525962007,	F,	05/10/18+09:20:07
65.86,	1525962013,	F,	05/10/18+09:20:13
65.86,	1525962019,	F,	05/10/18+09:20:19
65.86,	1525962026,	F,	05/10/18+09:20:26
65.86,	1525962032,	F,	05/10/18+09:20:32
65.86,	1525962038,	F,	05/10/18+09:20:38
65.86,	1525962044,	F,	05/10/18+09:20:44
65.86,	1525962050,	F,	05/10/18+09:20:50
65.86,	1525962056,	F,	05/10/18+09:20:56
65.86,	1525962063,	F,	05/10/18+09:21:03
65.86,	1525962069,	F,	05/10/18+09:21:09
65.86,	1525962075,	F,	05/10/18+09:21:15
65.86,	1525962081,	F,	05/10/18+09:21:21
65.86,	1525962087,	F,	05/10/18+09:21:27
65.86,	1525962093,	F,	05/10/18+09:21:33
65.86,	1525962100,	F,	05/10/18+09:21:40
65.86,	1525962106,	F,	05/10/18+09:21:46
65.86,	1525962112,	F,	05/10/18+09:21:52
65.86,	1525962118,	F,	05/10/18+09:21:58
65.86,	1525962124,	F,	05/10/18+09:22:04
65.86,	1525962130,	F,	05/10/18+09:22:10
65.86,	1525962137,	F,	05/10/18+09:22:17
65.86,	1525962143,	F,	05/10/18+09:22:23
65.86,	1525962149,	F,	05/10/18+09:22:29
65.86,	1525962155,	F,	05/10/18+09:22:35
65.86,	1525962161,	F,	05/10/18+09:22:41
65.86,	1525962167,	F,	05/10/18+09:22:47
65.86,	1525962173,	F,	05/10/18+09:22:53
65.86,	1525962180,	F,	05/10/18+09:23:00
65.86,	1525962186,	F,	05/10/18+09:23:06
65.86,	1525962192,	F,	05/10/18+09:23:12
65.86,	1525962198,	F,	05/10/18+09:23:18
65.86,	1525962204,	F,	05/10/18+09:23:24
65.86,	1525962210,	F,	05/10/18+09:23:30
65.86,	1525962217,	F,	05/10/18+09:23:37
65.86,	1525962223,	F,	05/10/18+09:23:43
65.86,	1525962229,	F,	05/10/18+09:23:49
65.86,	1525962235,	F,	05/10/18+09:23:55
65.86,	1525962241,	F,	05/10/18+09:24:01
65.86,	1525962247,	F,	05/10/18+09:24:07
65.86,	1525962254,	F,	05/10/18+09:24:14
65.86,	1525962260,	F,	05/10/18+09:24:20
65.86,	1525962266,	F,	05/10/18+09:24:26
65.86,	1525962272,	F,	05/10/18+09:24:32
65.86,	1525962278,	F,	05/10/18+09:24:38
65.86,	1525962284,	F,	05/10/18+09:24:44
65.86,	1525962291,	F,	05/10/18+09:24:51
65.86,	1525962297,	F,	05/10/18+09:24:57
65.86,	1525962303,	F,	05/10/18+09:25:03
65.86,	1525962309,	F,	05/10/18+09:25:09
65.86,	1525962315,	F,	05/10/18+09:25:15
65.86,	1525962321,	F,	05/10/18+09:25:21
65.86,	1525962327,	F,	05/10/18+09:25:27
65.86,	1525962334,	F,	05/10/18+09:25:34
65.86,	1525962340,	F,	05/10/18+09:25:40
65.86,	1525962346,	F,	05/10/18+09:25:46
65.86,	1525962352,	F,	05/10/18+09:25:52
65.86,	1525962358,	F,	05/10/18+09:25:58
65.86,	1525962364,	F,	05/10/18+09:26:04
65.86,	1525962371,	F,	05/10/18+09:26:11
65.86,	1525962377,	F,	05/10/18+09:26:17
65.86,	1525962383,	F,	05/10/18+09:26:23
65.86,	1525962389,	F,	05/10/18+09:26:29
65.86,	1525962395,	F,	05/10/18+09:26:35
65.86,	1525962401,	F,	05/10/18+09:26:41
65.86,	1525962408,	F,	05/10/18+09:26:48
65.86,	1525962414,	F,	05/10/18+09:26:54
65.86,	1525962420,	F,	05/10/18+09:27:00
65.86,	1525962426,	F,	05/10/18+09:27:06
65.86,	1525962432,	F,	05/10/18+09:27:12
65.86,	1525962438,	F,	05/10/18+09:27:18
65.86,	1525962445,	F,	05/10/18+09:27:25
65.86,	1525962451,	F,	05/10/18+09:27:31
65.86,	1525962457,	F,	05/10/18+09:27:37
65.86,	1525962463,	F,	05/10/18+09:27:43
65.86,	1525962469,	F,	05/10/18+09:27:49
65.86,	1525962475,	F,	05/10/18+09:27:55
65.86,	1525962482,	F,	05/10/18+09:28:02
65.86,	1525962488,	F,	05/10/18+09:28:08
65.86,	1525962494,	F,	05/10/18+09:28:14
65.86,	1525962500,	F,	05/10/18+09:28:20
65.86,	1525962506,	F,	05/10/18+09:28:26
65.86,	1525962512,	F,	05/10/18+09:28:32
65.86,	1525962518,	F,	05/10/18+09:28:38
65.86,	1525962525,	F,	05/10/18+09:28:45
65.86,	1525962531,	F,	05/10/18+09:28:51
65.86,	1525962537,	F,	05/10/18+09:28:57
65.86,	1525962543,	F,	05/10/18+09:29:03
65.86,	1525962549,	F,	05/10/18+09:29:09
65.86,	1525962555,	F,	05/10/18+09:29:15
65.86,	1525962562,	F,	05/10/18+09:29:22
65.86,	1525962568,	F,	05/10/18+09:29:28
65.86,	1525962574,	F,	05/10/18+09:29:34
65.86,	1525962580,	F,	05/10/18+09:29:40
65.86,	1525962586,	F,	05/10/18+09:29:46
65.86,	1525962592,	F,	05/10/18+09:29:52
65.86,	1525962599,	F,	05/10/18+09:29:59
65.86,	1525962605,	F,	05/10/18+09:30:05
65.86,	1525962611,	F,	05/10/18+09:30:11
65.86,	1525962617,	F,	05/10/18+09:30:17
65.86,	1525962623,	F,	05/10/18+09:30:23
65.86,	1525962629,	F,	05/10/18+09:30:29
65.86,	1525962635,	F,	05/10/18+09:30:35
65.86,	1525962642,	F,	05/10/18+09:30:42
65.86,	1525962648,	F,	05/10/18+09:30:48
65.86,	1525962654,	F,	05/10/18+09:30:54
65.86,	1525962660,	F,	05/10/18+09:31:00
65.86,	1525962666,	F,	05/10/18+09:31:06
65.86,	1525962672,	F,	05/10/18+09:31:12
65.86,	1525962679,	F,	05/10/18+09:31:19
65.86,	1525962685,	F,	05/10/18+09:31:25
65.86,	1525962691,	F,	05/10/18+09:31:31
65.86,	1525962697,	F,	05/10/18+09:31:37
65.86,	1525962703,	F,	05/10/18+09:31:43
65.86,	1525962709,	F,	05/10/18+09:31:49
65.86,	1525962716,	F,	05/10/18+09:31:56
65.86,	1525962722,	F,	05/10/18+09:32:02
65.86,	1525962728,	F,	05/10/18+09:32:08
65.86,	1525962734,	F,	05/10/18+09:32:14
65.86,	1525962740,	F,	05/10/18+09:32:20
65.86,	1525962746,	F,	05/10/18+09:32:26
65.86,	1525962753,	F,	05/10/18+09:32:33
65.86,	1525962759,	F,	05/10/18+09:32:39
65.86,	1525962765,	F,	05/10/18+09:32:45
65.86,	1525962771,	F,	05/10/18+09:32:51
65.86,	1525962777,	F,	05/10/18+09:32:57
65.86,	1525962783,	F,	05/10/18+09:33:03
65.86,	1525962789,	F,	05/10/18+09:33:09
65.86,	1525962796,	F,	05/10/18+09:33:16
65.86,	1525962802,	F,	05/10/18+09:33:22
65.86,	1525962808,	F,	05/10/18+09:33:28
65.86,	1525962814,	F,	05/10/18+09:33:34
65.86,	1525962820,	F,	05/10/18+09:33:40
65.86,	1525962826,	F,	05/10/18+09:33:46
65.86,	1525962833,	F,	05/10/18+09:33:53
65.86,	1525962839,	F,	05/10/18+09:33:59
65.86,	1525962845,	F,	05/10/18+09:34:05
65.86,	1525962851,	F,	05/10/18+09:34:11
65.86,	1525962857,	F,	05/10/18+09:34:17
65.86,	1525962863,	F,	05/10/18+09:34:23
65.86,	1525962870,	F,	05/10/18+09:34:30
65.86,	1525962876,	F,	05/10/18+09:34:36
65.86,	1525962882,	F,	05/10/18+09:34:42
65.86,	1525962888,	F,	05/10/18+09:34:48
65.86,	1525962894,	F,	05/10/18+09:34:54
65.86,	1525962900,	F,	05/10/18+09:35:00
65.86,	1525962907,	F,	05/10/18+09:35:07
65.86,	1525962913,	F,	05/10/18+09:35:13
65.86,	1525962919,	F,	05/10/18+09:35:19
65.86,	1525962925,	F,	05/10/18+09:35:25
65.86,	1525962931,	F,	05/10/18+09:35:31
65.86,	1525962937,	F,	05/10/18+09:35:37
65.86,	1525962943,	F,	05/10/18+09:35:43
65.86,	1525962950,	F,	05/10/18+09:35:50
65.86,	1525962956,	F,	05/10/18+09:35:56
65.86,	1525962962,	F,	05/10/18+09:36:02
65.86,	1525962968,	F,	05/10/18+09:36:08
65.86,	1525962974,	F,	05/10/18+09:36:14
65.86,	1525962980,	F,	05/10/18+09:36:20
65.86,	1525962987,	F,	05/10/18+09:36:27
65.86,	1525962993,	F,	05/10/18+09:36:33
65.86,	1525962999,	F,	05/10/18+09:36:39
65.86,	1525963005,	F,	05/10/18+09:36:45
65.86,	1525963011,	F,	05/10/18+09:36:51
65.86,	1525963017,	F,	05/10/18+09:36:57
65.86,	1525963024,	F,	05/10/18+09:37:04
65.86,	1525963030,	F,	05/10/18+09:37:10
65.86,	1525963036,	F,	05/10/18+09:37:16
65.86,	1525963042,	F,	05/10/18+09:37:22
65.86,	1525963048,	F,	05/10/18+09:37:28
65.86,	1525963054,	F,	05/10/18+09:37:34
65.86,	1525963061,	F,	05/10/18+09:37:41
65.86,	1525963067,	F,	05/10/18+09:37:47
65.86,	1525963073,	F,	05/10/18+09:37:53
65.86,	1525963079,	F,	05/10/18+09:37:59
65.86,	1525963085,	F,	05/10/18+09:38:05
65.86,	1525963091,	F,	05/10/18+09:38:11
65.86,	1525963097,	F,	05/10/18+09:38:18
65.86,	1525963104,	F,	05/10/18+09:38:24
65.86,	1525963110,	F,	05/10/18+09:38:30
65.86,	1525963116,	F,	05/10/18+09:38:36
65.86,	1525963122,	F,	05/10/18+09:38:42
65.86,	1525963128,	F,	05/10/18+09:38:48
65.86,	1525963134,	F,	05/10/18+09:38:54
65.86,	1525963141,	F,	05/10/18+09:39:01
65.86,	1525963147,	F,	05/10/18+09:39:07
65.86,	1525963153,	F,	05/10/18+09:39:13
65.86,	1525963159,	F,	05/10/18+09:39:19
65.86,	1525963165,	F,	05/10/18+09:39:25
65.86,	1525963171,	F,	05/10/18+09:39:31
65.86,	1525963178,	F,	05/10/18+09:39:38
65.86,	1525963184,	F,	05/10/18+09:39:44
65.86,	1525963190,	F,	05/10/18+09:39:50
65.86,	1525963196,	F,	05/10/18+09:39:56
65.86,	1525963202,	F,	05/10/18+09:40:02
65.86,	1525963208,	F,	05/10/18+09:40:08
65.86,	1525963215,	F,	05/10/18+09:40:15
65.86,	1525963221,	F,	05/10/18+09:40:21
65.86,	1525963227,	F,	05/10/18+09:40:27
65.86,	1525963233,	F,	05/10/18+09:40:33
65.86,	1525963239,	F,	05/10/18+09:40:39
65.86,	1525963245,	F,	05/10/18+09:40:45
65.86,	1525963251,	F,	05/10/18+09:40:51
65.86,	1525963258,	F,	05/10/18+09:40:58
65.86,	1525963264,	F,	05/10/18+09:41:04
65.86,	1525963270,	F,	05/10/18+09:41:10
65.86,	1525963276,	F,	05/10/18+09:41:16
65.86,	1525963282,	F,	05/10/18+09:41:22
65.86,	1525963288,	F,	05/10/18+09:41:28
65.86,	1525963295,	F,	05/10/18+09:41:35
65.86,	1525963301,	F,	05/10/18+09:41:41
65.86,	1525963307,	F,	05/10/18+09:41:47
65.86,	1525963313,	F,	05/10/18+09:41:53
65.86,	1525963319,	F,	05/10/18+09:41:59
65.86,	1525963325,	F,	05/10/18+09:42:05
65.86,	1525963332,	F,	05/10/18+09:42:12
65.86,	1525963338,	F,	05/10/18+09:42:18
65.86,	1525963344,	F,	05/10/18+09:42:24
65.86,	1525963350,	F,	05/10/18+09:42:30
65.86,	1525963356,	F,	05/10/18+09:42:36
65.86,	1525963362,	F,	05/10/18+09:42:42
65.86,	1525963369,	F,	05/10/18+09:42:49
65.86,	1525963375,	F,	05/10/18+09:42:55
65.86,	1525963381,	F,	05/10/18+09:43:01
65.86,	1525963387,	F,	05/10/18+09:43:07
65.86,	1525963393,	F,	05/10/18+09:43:13
65.86,	1525963399,	F,	05/10/18+09:43:19
65.86,	1525963405,	F,	05/10/18+09:43:26
65.86,	1525963412,	F,	05/10/18+09:43:32
65.86,	1525963418,	F,	05/10/18+09:43:38
65.86,	1525963424,	F,	05/10/18+09:43:44
65.86,	1525963430,	F,	05/10/18+09:43:50
65.86,	1525963436,	F,	05/10/18+09:43:56
65.86,	1525963443,	F,	05/10/18+09:44:03
65.86,	1525963449,	F,	05/10/18+09:44:09
65.86,	1525963455,	F,	05/10/18+09:44:15
65.86,	1525963461,	F,	05/10/18+09:44:21
65.86,	1525963467,	F,	05/10/18+09:44:27
65.86,	1525963473,	F,	05/10/18+09:44:33
65.86,	1525963479,	F,	05/10/18+09:44:39
65.86,	1525963486,	F,	05/10/18+09:44:46
65.86,	1525963492,	F,	05/10/18+09:44:52
65.86,	1525963498,	F,	05/10/18+09:44:58
65.86,	1525963504,	F,	05/10/18+09:45:04
65.86,	1525963510,	F,	05/10/18+09:45:10
65.86,	1525963516,	F,	05/10/18+09:45:16
65.86,	1525963523,	F,	05/10/18+09:45:23
65.86,	1525963529,	F,	05/10/18+09:45:29
65.86,	1525963535,	F,	05/10/18+09:45:35
65.86,	1525963541,	F,	05/10/18+09:45:41
65.86,	1525963547,	F,	05/10/18+09:45:47
65.86,	1525963553,	F,	05/10/18+09:45:53
65.86,	1525963560,	F,	05/10/18+09:46:00
65.86,	1525963566,	F,	05/10/18+09:46:06
65.86,	1525963572,	F,	05/10/18+09:46:12
65.86,	1525963578,	F,	05/10/18+09:46:18
65.86,	1525963584,	F,	05/10/18+09:46:24
65.86,	1525963590,	F,	05/10/18+09:46:30
65.86,	1525963597,	F,	05/10/18+09:46:37
65.86,	1525963603,	F,	05/10/18+09:46:43
65.86,	1525963609,	F,	05/10/18+09:46:49
65.86,	1525963615,	F,	05/10/18+09:46:55
65.86,	1525963621,	F,	05/10/18+09:47:01
65.86,	1525963627,	F,	05/10/18+09:47:07
65.86,	1525963633,	F,	05/10/18+09:47:14
65.86,	1525963640,	F,	05/10/18+09:47:20
65.86,	1525963646,	F,	05/10/18+09:47:26
65.86,	1525963652,	F,	05/10/18+09:47:32
65.86,	1525963658,	F,	05/10/18+09:47:38
65.86,	1525963664,	F,	05/10/18+09:47:44
65.86,	1525963670,	F,	05/10/18+09:47:50
65.86,	1525963677,	F,	05/10/18+09:47:57
65.86,	1525963683,	F,	05/10/18+09:48:03
65.86,	1525963689,	F,	05/10/18+09:48:09
65.86,	1525963695,	F,	05/10/18+09:48:15
65.86,	1525963701,	F,	05/10/18+09:48:21
65.86,	1525963707,	F,	05/10/18+09:48:27
65.86,	1525963714,	F,	05/10/18+09:48:34
65.86,	1525963720,	F,	05/10/18+09:48:40
65.86,	1525963726,	F,	05/10/18+09:48:46
65.86,	1525963732,	F,	05/10/18+09:48:52
65.86,	1525963738,	F,	05/10/18+09:48:58
65.86,	1525963744,	F,	05/10/18+09:49:04
65.86,	1525963751,	F,	05/10/18+09:49:11
65.86,	1525963757,	F,	05/10/18+09:49:17
65.86,	1525963763,	F,	05/10/18+09:49:23
65.86,	1525963769,	F,	05/10/18+09:49:29
65.86,	1525963775,	F,	05/10/18+09:49:35
65.86,	1525963781,	F,	05/10/18+09:49:41
65.86,	1525963787,	F,	05/10/18+09:49:47
65.86,	1525963794,	F,	05/10/18+09:49:54
65.86,	1525963800,	F,	05/10/18+09:50:00
65.86,	1525963806,	F,	05/10/18+09:50:06
65.86,	1525963812,	F,	05/10/18+09:50:12
65.86,	1525963818,	F,	05/10/18+09:50:18
65.86,	1525963824,	F,	05/10/18+09:50:24
65.86,	1525963831,	F,	05/10/18+09:50:31
65.86,	1525963837,	F,	05/10/18+09:50:37
65.86,	1525963843,	F,	05/10/18+09:50:43
65.86,	1525963849,	F,	05/10/18+09:50:49
65.86,	1525963855,	F,	05/10/18+09:50:55
65.86,	1525963861,	F,	05/10/18+09:51:01
65.86,	1525963868,	F,	05/10/18+09:51:08
65.86,	1525963874,	F,	05/10/18+09:51:14
65.86,	1525963880,	F,	05/10/18+09:51:20
65.86,	1525963886,	F,	05/10/18+09:51:26
65.86,	1525963892,	F,	05/10/18+09:51:32
65.86,	1525963899,	F,	05/10/18+09:51:39
65.86,	1525963905,	F,	05/10/18+09:51:45
65.86,	1525963911,	F,	05/10/18+09:51:51
65.86,	1525963917,	F,	05/10/18+09:51:57
65.86,	1525963923,	F,	05/10/18+09:52:03
65.86,	1525963929,	F,	05/10/18+09:52:09
65.86,	1525963935,	F,	05/10/18+09:52:15
65.86,	1525963942,	F,	05/10/18+09:52:22
65.86,	1525963948,	F,	05/10/18+09:52:28
65.86,	1525963954,	F,	05/10/18+09:52:34
65.86,	1525963960,	F,	05/10/18+09:52:40
65.86,	1525963966,	F,	05/10/18+09:52:46
65.86,	1525963972,	F,	05/10/18+09:52:52
65.86,	1525963979,	F,	05/10/18+09:52:59
65.86,	1525963985,	F,	05/10/18+09:53:05
65.86,	1525963991,	F,	05/10/18+09:53:11
65.86,	1525963997,	F,	05/10/18+09:53:17
65.86,	1525964003,	F,	05/10/18+09:53:23
65.86,	1525964009,	F,	05/10/18+09:53:29
65.86,	1525964016,	F,	05/10/18+09:53:36
65.86,	1525964022,	F,	05/10/18+09:53:42
65.86,	1525964028,	F,	05/10/18+09:53:48
65.86,	1525964034,	F,	05/10/18+09:53:54
65.86,	1525964040,	F,	05/10/18+09:54:00
65.86,	1525964046,	F,	05/10/18+09:54:06
65.86,	1525964053,	F,	05/10/18+09:54:13
65.86,	1525964059,	F,	05/10/18+09:54:19
65.86,	1525964065,	F,	05/10/18+09:54:25
65.86,	1525964071,	F,	05/10/18+09:54:31
65.86,	1525964077,	F,	05/10/18+09:54:37
65.86,	1525964083,	F,	05/10/18+09:54:43
65.86,	1525964089,	F,	05/10/18+09:54:49
65.86,	1525964096,	F,	05/10/18+09:54:56
65.86,	1525964102,	F,	05/10/18+09:55:02
65.86,	1525964108,	F,	05/10/18+09:55:08
65.86,	1525964114,	F,	05/10/18+09:55:14
65.86,	1525964120,	F,	05/10/18+09:55:20
65.86,	1525964126,	F,	05/10/18+09:55:26
65.86,	1525964133,	F,	05/10/18+09:55:33
65.86,	1525964139,	F,	05/10/18+09:55:39
65.86,	1525964145,	F,	05/10/18+09:55:45
65.86,	1525964151,	F,	05/10/18+09:55:51
65.86,	1525964157,	F,	05/10/18+09:55:57
65.86,	1525964163,	F,	05/10/18+09:56:03
65.86,	1525964170,	F,	05/10/18+09:56:10
65.86,	1525964176,	F,	05/10/18+09:56:16
65.86,	1525964182,	F,	05/10/18+09:56:22
65.86,	1525964188,	F,	05/10/18+09:56:28
65.86,	1525964194,	F,	05/10/18+09:56:34
65.86,	1525964200,	F,	05/10/18+09:56:40
65.86,	1525964207,	F,	05/10/18+09:56:47
65.86,	1525964213,	F,	05/10/18+09:56:53
65.86,	1525964219,	F,	05/10/18+09:56:59
65.86,	1525964225,	F,	05/10/18+09:57:05
65.86,	1525964231,	F,	05/10/18+09:57:11
65.86,	1525964237,	F,	05/10/18+09:57:17
65.86,	1525964244,	F,	05/10/18+09:57:24
65.86,	1525964250,	F,	05/10/18+09:57:30
65.86,	1525964256,	F,	05/10/18+09:57:36
65.86,	1525964262,	F,	05/10/18+09:57:42
65.86,	1525964268,	F,	05/10/18+09:57:48
65.86,	1525964274,	F,	05/10/18+09:57:54
65.86,	1525964281,	F,	05/10/18+09:58:01
65.86,	1525964287,	F,	05/10/18+09:58:07
65.86,	1525964293,	F,	05/10/18+09:58:13
65.86,	1525964299,	F,	05/10/18+09:58:19
65.86,	1525964305,	F,	05/10/18+09:58:25
65.86,	1525964311,	F,	05/10/18+09:58:31
65.86,	1525964317,	F,	05/10/18+09:58:37
65.86,	1525964324,	F,	05/10/18+09:58:44
65.86,	1525964330,	F,	05/10/18+09:58:50
65.86,	1525964336,	F,	05/10/18+09:58:56
65.86,	1525964342,	F,	05/10/18+09:59:02
65.86,	1525964348,	F,	05/10/18+09:59:08
65.86,	1525964354,	F,	05/10/18+09:59:14
65.86,	1525964361,	F,	05/10/18+09:59:21
65.86,	1525964367,	F,	05/10/18+09:59:27
65.86,	1525964373,	F,	05/10/18+09:59:33
65.86,	1525964379,	F,	05/10/18+09:59:39
65.86,	1525964385,	F,	05/10/18+09:59:45
65.86,	1525964391,	F,	05/10/18+09:59:51
65.86,	1525964398,	F,	05/10/18+09:59:58
65.86,	1525964404,	F,	05/10/18+10:00:04
65.86,	1525964410,	F,	05/10/18+10:00:10
65.86,	1525964416,	F,	05/10/18+10:00:16
65.86,	1525964422,	F,	05/10/18+10:00:22
65.86,	1525964428,	F,	05/10/18+10:00:28
65.86,	1525964435,	F,	05/10/18+10:00:35
65.86,	1525964441,	F,	05/10/18+10:00:41
65.86,	1525964447,	F,	05/10/18+10:00:47
65.86,	1525964453,	F,	05/10/18+10:00:53
65.86,	1525964459,	F,	05/10/18+10:00:59
65.86,	1525964465,	F,	05/10/18+10:01:05
65.86,	1525964471,	F,	05/10/18+10:01:12
65.86,	1525964478,	F,	05/10/18+10:01:18
65.86,	1525964484,	F,	05/10/18+10:01:24
65.86,	1525964490,	F,	05/10/18+10:01:30
65.86,	1525964496,	F,	05/10/18+10:01:36
65.86,	1525964502,	F,	05/10/18+10:01:42
65.86,	1525964508,	F,	05/10/18+10:01:48
65.86,	1525964515,	F,	05/10/18+10:01:55
65.86,	1525964521,	F,	05/10/18+10:02:01
65.86,	1525964527,	F,	05/10/18+10:02:07
65.86,	1525964533,	F,	05/10/18+10:02:13
65.86,	1525964539,	F,	05/10/18+10:02:19
65.86,	1525964545,	F,	05/10/18+10:02:25
65.86,	1525964552,	F,	05/10/18+10:02:32
65.86,	1525964558,	F,	05/10/18+10:02:38
65.86,	1525964564,	F,	05/10/18+10:02:44
65.86,	1525964570,	F,	05/10/18+10:02:50
65.86,	1525964576,	F,	05/10/18+10:02:56
65.86,	1525964582,	F,	05/10/18+10:03:02
65.86,	1525964589,	F,	05/10/18+10:03:09
65.86,	1525964595,	F,	05/10/18+10:03:15
65.86,	1525964601,	F,	05/10/18+10:03:21
65.86,	1525964607,	F,	05/10/18+10:03:27
65.86,	1525964613,	F,	05/10/18+10:03:33
65.86,	1525964619,	F,	05/10/18+10:03:39
65.86,	1525964625,	F,	05/10/18+10:03:45
65.86,	1525964632,	F,	05/10/18+10:03:52
65.86,	1525964638,	F,	05/10/18+10:03:58
65.86,	1525964644,	F,	05/10/18+10:04:04
65.86,	1525964650,	F,	05/10/18+10:04:10
65.86,	1525964656,	F,	05/10/18+10:04:16
65.86,	1525964662,	F,	05/10/18+10:04:22
65.86,	1525964669,	F,	05/10/18+10:04:29
65.86,	1525964675,	F,	05/10/18+10:04:35
65.86,	1525964681,	F,	05/10/18+10:04:41
65.86,	1525964687,	F,	05/10/18+10:04:47
65.86,	1525964693,	F,	05/10/18+10:04:53
65.86,	1525964699,	F,	05/10/18+10:04:59
65.86,	1525964706,	F,	05/10/18+10:05:06
65.86,	1525964712,	F,	05/10/18+10:05:12
65.86,	1525964718,	F,	05/10/18+10:05:18
65.86,	1525964724,	F,	05/10/18+10:05:24
65.86,	1525964730,	F,	05/10/18+10:05:30
65.86,	1525964736,	F,	05/10/18+10:05:36
65.86,	1525964743,	F,	05/10/18+10:05:43
65.86,	1525964749,	F,	05/10/18+10:05:49
65.86,	1525964755,	F,	05/10/18+10:05:55
65.86,	1525964761,	F,	05/10/18+10:06:01
65.86,	1525964767,	F,	05/10/18+10:06:07
65.86,	1525964773,	F,	05/10/18+10:06:13
65.86,	1525964780,	F,	05/10/18+10:06:20
65.86,	1525964786,	F,	05/10/18+10:06:26
65.86,	1525964792,	F,	05/10/18+10:06:32
65.86,	1525964798,	F,	05/10/18+10:06:38
65.86,	1525964804,	F,	05/10/18+10:06:44
65.86,	1525964810,	F,	05/10/18+10:06:50
65.86,	1525964817,	F,	05/10/18+10:06:57
65.86,	1525964823,	F,	05/10/18+10:07:03
65.86,	1525964829,	F,	05/10/18+10:07:09
65.86,	1525964835,	F,	05/10/18+10:07:15
65.86,	1525964841,	F,	05/10/18+10:07:21
65.86,	1525964847,	F,	05/10/18+10:07:27
65.86,	1525964853,	F,	05/10/18+10:07:33
65.86,	1525964860,	F,	05/10/18+10:07:40
65.86,	1525964866,	F,	05/10/18+10:07:46
65.86,	1525964872,	F,	05/10/18+10:07:52
65.86,	1525964878,	F,	05/10/18+10:07:58
65.86,	1525964884,	F,	05/10/18+10:08:04
65.86,	1525964890,	F,	05/10/18+10:08:10
65.86,	1525964897,	F,	05/10/18+10:08:17
65.86,	1525964903,	F,	05/10/18+10:08:23
65.86,	1525964909,	F,	05/10/18+10:08:29
65.86,	1525964915,	F,	05/10/18+10:08:35
65.86,	1525964921,	F,	05/10/18+10:08:41
65.86,	1525964927,	F,	05/10/18+10:08:47
65.86,	1525964934,	F,	05/10/18+10:08:54
65.86,	1525964940,	F,	05/10/18+10:09:00
65.86,	1525964946,	F,	05/10/18+10:09:06
65.86,	1525964952,	F,	05/10/18+10:09:12
65.86,	1525964958,	F,	05/10/18+10:09:18
65.86,	1525964964,	F,	05/10/18+10:09:24
65.86,	1525964971,	F,	05/10/18+10:09:31
65.86,	1525964977,	F,	05/10/18+10:09:37
65.86,	1525964983,	F,	05/10/18+10:09:43
65.86,	1525964989,	F,	05/10/18+10:09:49
65.86,	1525964995,	F,	05/10/18+10:09:55
65.86,	1525965001,	F,	05/10/18+10:10:01
65.86,	1525965007,	F,	05/10/18+10:10:07
65.86,	1525965014,	F,	05/10/18+10:10:14
65.86,	1525965020,	F,	05/10/18+10:10:20
65.86,	1525965026,	F,	05/10/18+10:10:26
65.86,	1525965032,	F,	05/10/18+10:10:32
65.86,	1525965038,	F,	05/10/18+10:10:38
65.86,	1525965044,	F,	05/10/18+10:10:44
65.86,	1525965051,	F,	05/10/18+10:10:51
65.86,	1525965057,	F,	05/10/18+10:10:57
65.86,	1525965063,	F,	05/10/18+10:11:03
65.86,	1525965069,	F,	05/10/18+10:11:09
65.86,	1525965075,	F,	05/10/18+10:11:15
65.86,	1525965081,	F,	05/10/18+10:11:21
65.86,	1525965088,	F,	05/10/18+10:11:28
65.86,	1525965094,	F,	05/10/18+10:11:34
65.86,	1525965100,	F,	05/10/18+10:11:40
65.86,	1525965106,	F,	05/10/18+10:11:46
65.86,	1525965112,	F,	05/10/18+10:11:52
65.86,	1525965118,	F,	05/10/18+10:11:58
65.86,	1525965125,	F,	05/10/18+10:12:05
65.86,	1525965131,	F,	05/10/18+10:12:11
65.86,	1525965137,	F,	05/10/18+10:12:17
65.86,	1525965143,	F,	05/10/18+10:12:23
65.86,	1525965149,	F,	05/10/18+10:12:29
65.86,	1525965155,	F,	05/10/18+10:12:35
65.86,	1525965161,	F,	05/10/18+10:12:42
65.86,	1525965168,	F,	05/10/18+10:12:48
65.86,	1525965174,	F,	05/10/18+10:12:54
65.86,	1525965180,	F,	05/10/18+10:13:00
65.86,	1525965186,	F,	05/10/18+10:13:06
65.86,	1525965192,	F,	05/10/18+10:13:12
65.86,	1525965198,	F,	05/10/18+10:13:18
65.86,	1525965205,	F,	05/10/18+10:13:25
65.86,	1525965211,	F,	05/10/18+10:13:31
65.86,	1525965217,	F,	05/10/18+10:13:37
65.86,	1525965223,	F,	05/10/18+10:13:43
65.86,	1525965229,	F,	05/10/18+10:13:49
65.86,	1525965235,	F,	05/10/18+10:13:55
65.86,	1525965242,	F,	05/10/18+10:14:02
65.86,	1525965248,	F,	05/10/18+10:14:08
65.86,	1525965254,	F,	05/10/18+10:14:14
65.86,	1525965260,	F,	05/10/18+10:14:20
65.86,	1525965266,	F,	05/10/18+10:14:26
65.86,	1525965272,	F,	05/10/18+10:14:32
65.86,	1525965279,	F,	05/10/18+10:14:39
65.86,	1525965285,	F,	05/10/18+10:14:45
65.86,	1525965291,	F,	05/10/18+10:14:51
65.86,	1525965297,	F,	05/10/18+10:14:57
65.86,	1525965303,	F,	05/10/18+10:15:03
65.86,	1525965309,	F,	05/10/18+10:15:09
65.86,	1525965315,	F,	05/10/18+10:15:15
65.86,	1525965322,	F,	05/10/18+10:15:22
65.86,	1525965328,	F,	05/10/18+10:15:28
65.86,	1525965334,	F,	05/10/18+10:15:34
65.86,	1525965340,	F,	05/10/18+10:15:40
65.86,	1525965346,	F,	05/10/18+10:15:46
65.86,	1525965352,	F,	05/10/18+10:15:52
65.86,	1525965359,	F,	05/10/18+10:15:59
65.86,	1525965365,	F,	05/10/18+10:16:05
65.86,	1525965371,	F,	05/10/18+10:16:11
65.86,	1525965377,	F,	05/10/18+10:16:17
65.86,	1525965383,	F,	05/10/18+10:16:23
65.86,	1525965389,	F,	05/10/18+10:16:29
65.86,	1525965396,	F,	05/10/18+10:16:36
65.86,	1525965402,	F,	05/10/18+10:16:42
65.97,	1525965408,	F,	05/10/18+10:16:48
65.86,	1525965414,	F,	05/10/18+10:16:54
65.86,	1525965420,	F,	05/10/18+10:17:00
65.86,	1525965426,	F,	05/10/18+10:17:06
65.97,	1525965433,	F,	05/10/18+10:17:13
65.86,	1525965439,	F,	05/10/18+10:17:19
65.86,	1525965445,	F,	05/10/18+10:17:25
65.86,	1525965451,	F,	05/10/18+10:17:31
65.86,	1525965457,	F,	05/10/18+10:17:37
65.86,	1525965463,	F,	05/10/18+10:17:43
65.86,	1525965469,	F,	05/10/18+10:17:49
65.86,	1525965476,	F,	05/10/18+10:17:56
65.97,	1525965482,	F,	05/10/18+10:18:02
65.86,	1525965488,	F,	05/10/18+10:18:08
65.86,	1525965494,	F,	05/10/18+10:18:14
65.86,	1525965500,	F,	05/10/18+10:18:20
65.86,	1525965506,	F,	05/10/18+10:18:26
65.86,	1525965513,	F,	05/10/18+10:18:33
65.97,	1525965519,	F,	05/10/18+10:18:39
65.97,	1525965525,	F,	05/10/18+10:18:45
65.97,	1525965531,	F,	05/10/18+10:18:51
65.86,	1525965537,	F,	05/10/18+10:18:57
65.97,	1525965543,	F,	05/10/18+10:19:03
65.97,	1525965550,	F,	05/10/18+10:19:10
65.97,	1525965556,	F,	05/10/18+10:19:16
65.86,	1525965562,	F,	05/10/18+10:19:22
65.86,	1525965568,	F,	05/10/18+10:19:28
65.97,	1525965574,	F,	05/10/18+10:19:34
65.97,	1525965580,	F,	05/10/18+10:19:40
65.97,	1525965587,	F,	05/10/18+10:19:47
65.97,	1525965593,	F,	05/10/18+10:19:53
65.97,	1525965599,	F,	05/10/18+10:19:59
65.86,	1525965605,	F,	05/10/18+10:20:05
65.86,	1525965611,	F,	05/10/18+10:20:11
65.86,	1525965617,	F,	05/10/18+10:20:17
65.97,	1525965623,	F,	05/10/18+10:20:23
65.97,	1525965630,	F,	05/10/18+10:20:30
65.97,	1525965636,	F,	05/10/18+10:20:36
65.86,	1525965642,	F,	05/10/18+10:20:42
65.86,	1525965648,	F,	05/10/18+10:20:48
65.86,	1525965654,	F,	05/10/18+10:20:54
65.86,	1525965660,	F,	05/10/18+10:21:00
65.86,	1525965667,	F,	05/10/18+10:21:07
65.97,	1525965673,	F,	05/10/18+10:21:13
65.86,	1525965679,	F,	05/10/18+10:21:19
65.97,	1525965685,	F,	05/10/18+10:21:25
65.86,	1525965691,	F,	05/10/18+10:21:31
65.97,	1525965697,	F,	05/10/18+10:21:37
65.97,	1525965704,	F,	05/10/18+10:21:44
65.97,	1525965710,	F,	05/10/18+10:21:50
65.97,	1525965716,	F,	05/10/18+10:21:56
65.97,	1525965722,	F,	05/10/18+10:22:02
65.97,	1525965728,	F,	05/10/18+10:22:08
65.86,	1525965734,	F,	05/10/18+10:22:14
65.97,	1525965741,	F,	05/10/18+10:22:21
65.97,	1525965747,	F,	05/10/18+10:22:27
65.86,	1525965753,	F,	05/10/18+10:22:33
65.86,	1525965759,	F,	05/10/18+10:22:39
65.97,	1525965765,	F,	05/10/18+10:22:45
65.97,	1525965771,	F,	05/10/18+10:22:51
65.86,	1525965778,	F,	05/10/18+10:22:58
65.97,	1525965784,	F,	05/10/18+10:23:04
65.86,	1525965790,	F,	05/10/18+10:23:10
65.97,	1525965796,	F,	05/10/18+10:23:16
65.97,	1525965802,	F,	05/10/18+10:23:22
65.86,	1525965808,	F,	05/10/18+10:23:28
65.97,	1525965814,	F,	05/10/18+10:23:34
65.86,	1525965821,	F,	05/10/18+10:23:41
65.86,	1525965827,	F,	05/10/18+10:23:47
65.86,	1525965833,	F,	05/10/18+10:23:53
65.86,	1525965839,	F,	05/10/18+10:23:59
65.86,	1525965845,	F,	05/10/18+10:24:05
65.86,	1525965851,	F,	05/10/18+10:24:11
65.97,	1525965858,	F,	05/10/18+10:24:18
65.97,	1525965864,	F,	05/10/18+10:24:24
65.97,	1525965870,	F,	05/10/18+10:24:30
65.97,	1525965876,	F,	05/10/18+10:24:36
65.97,	1525965882,	F,	05/10/18+10:24:42
65.86,	1525965888,	F,	05/10/18+10:24:48
65.86,	1525965895,	F,	05/10/18+10:24:55
65.86,	1525965901,	F,	05/10/18+10:25:01
65.97,	1525965907,	F,	05/10/18+10:25:07
65.97,	1525965913,	F,	05/10/18+10:25:13
65.97,	1525965919,	F,	05/10/18+10:25:19
65.97,	1525965925,	F,	05/10/18+10:25:25
65.86,	1525965931,	F,	05/10/18+10:25:31
65.97,	1525965938,	F,	05/10/18+10:25:38
65.97,	1525965944,	F,	05/10/18+10:25:44
65.97,	1525965950,	F,	05/10/18+10:25:50
65.97,	1525965956,	F,	05/10/18+10:25:56
65.97,	1525965962,	F,	05/10/18+10:26:02
65.97,	1525965968,	F,	05/10/18+10:26:08
65.97,	1525965975,	F,	05/10/18+10:26:15
65.97,	1525965981,	F,	05/10/18+10:26:21
65.97,	1525965987,	F,	05/10/18+10:26:27
65.86,	1525965993,	F,	05/10/18+10:26:33
65.97,	1525965999,	F,	05/10/18+10:26:39
65.97,	1525966005,	F,	05/10/18+10:26:45
65.86,	1525966012,	F,	05/10/18+10:26:52
65.86,	1525966018,	F,	05/10/18+10:26:58
65.97,	1525966024,	F,	05/10/18+10:27:04
65.97,	1525966030,	F,	05/10/18+10:27:10
65.97,	1525966036,	F,	05/10/18+10:27:16
65.86,	1525966042,	F,	05/10/18+10:27:22
65.97,	1525966049,	F,	05/10/18+10:27:29
65.97,	1525966055,	F,	05/10/18+10:27:35
65.86,	1525966061,	F,	05/10/18+10:27:41
65.97,	1525966067,	F,	05/10/18+10:27:47
65.86,	1525966073,	F,	05/10/18+10:27:53
65.97,	1525966079,	F,	05/10/18+10:27:59
65.97,	1525966085,	F,	05/10/18+10:28:05
65.86,	1525966092,	F,	05/10/18+10:28:12
65.97,	1525966098,	F,	05/10/18+10:28:18
65.97,	1525966104,	F,	05/10/18+10:28:24
65.97,	1525966110,	F,	05/10/18+10:28:30
65.86,	1525966116,	F,	05/10/18+10:28:36
65.86,	1525966122,	F,	05/10/18+10:28:42
65.86,	1525966129,	F,	05/10/18+10:28:49
65.86,	1525966135,	F,	05/10/18+10:28:55
65.86,	1525966141,	F,	05/10/18+10:29:01
65.86,	1525966147,	F,	05/10/18+10:29:07
65.86,	1525966153,	F,	05/10/18+10:29:13
65.97,	1525966159,	F,	05/10/18+10:29:19
65.86,	1525966166,	F,	05/10/18+10:29:26
65.86,	1525966172,	F,	05/10/18+10:29:32
65.86,	1525966178,	F,	05/10/18+10:29:38
65.86,	1525966184,	F,	05/10/18+10:29:44
65.86,	1525966190,	F,	05/10/18+10:29:50
65.86,	1525966196,	F,	05/10/18+10:29:56
65.86,	1525966203,	F,	05/10/18+10:30:03
65.86,	1525966209,	F,	05/10/18+10:30:09
65.86,	1525966215,	F,	05/10/18+10:30:15
65.86,	1525966221,	F,	05/10/18+10:30:21
65.86,	1525966227,	F,	05/10/18+10:30:27
65.97,	1525966233,	F,	05/10/18+10:30:33
65.97,	1525966240,	F,	05/10/18+10:30:40
65.86,	1525966246,	F,	05/10/18+10:30:46
65.97,	1525966252,	F,	05/10/18+10:30:52
65.86,	1525966258,	F,	05/10/18+10:30:58
65.86,	1525966264,	F,	05/10/18+10:31:04
65.86,	1525966270,	F,	05/10/18+10:31:10
65.86,	1525966277,	F,	05/10/18+10:31:17
65.86,	1525966283,	F,	05/10/18+10:31:23
65.86,	1525966289,	F,	05/10/18+10:31:29
65.86,	1525966295,	F,	05/10/18+10:31:35
65.86,	1525966301,	F,	05/10/18+10:31:41
65.97,	1525966307,	F,	05/10/18+10:31:47
65.86,	1525966313,	F,	05/10/18+10:31:53
65.86,	1525966320,	F,	05/10/18+10:32:00
65.86,	1525966326,	F,	05/10/18+10:32:06
65.86,	1525966332,	F,	05/10/18+10:32:12
65.97,	1525966338,	F,	05/10/18+10:32:18
65.86,	1525966344,	F,	05/10/18+10:32:24
65.86,	1525966350,	F,	05/10/18+10:32:30
65.86,	1525966357,	F,	05/10/18+10:32:37
65.86,	1525966363,	F,	05/10/18+10:32:43
65.86,	1525966369,	F,	05/10/18+10:32:49
65.86,	1525966375,	F,	05/10/18+10:32:55
65.86,	1525966381,	F,	05/10/18+10:33:01
65.86,	1525966387,	F,	05/10/18+10:33:07
65.86,	1525966394,	F,	05/10/18+10:33:14
65.86,	1525966400,	F,	05/10/18+10:33:20
65.97,	1525966406,	F,	05/10/18+10:33:26
65.86,	1525966412,	F,	05/10/18+10:33:32
65.86,	1525966418,	F,	05/10/18+10:33:38
65.97,	1525966425,	F,	05/10/18+10:33:45
65.86,	1525966431,	F,	05/10/18+10:33:51
65.86,	1525966437,	F,	05/10/18+10:33:57
65.86,	1525966443,	F,	05/10/18+10:34:03
65.86,	1525966449,	F,	05/10/18+10:34:09
65.86,	1525966455,	F,	05/10/18+10:34:15
65.86,	1525966461,	F,	05/10/18+10:34:22
65.97,	1525966468,	F,	05/10/18+10:34:28
65.86,	1525966474,	F,	05/10/18+10:34:34
65.86,	1525966480,	F,	05/10/18+10:34:40
65.86,	1525966486,	F,	05/10/18+10:34:46
65.86,	1525966492,	F,	05/10/18+10:34:52
65.86,	1525966498,	F,	05/10/18+10:34:58
65.86,	1525966505,	F,	05/10/18+10:35:05
65.86,	1525966511,	F,	05/10/18+10:35:11
65.86,	1525966517,	F,	05/10/18+10:35:17
65.86,	1525966523,	F,	05/10/18+10:35:23
65.86,	1525966529,	F,	05/10/18+10:35:29
65.86,	1525966535,	F,	05/10/18+10:35:35
65.86,	1525966542,	F,	05/10/18+10:35:42
65.86,	1525966548,	F,	05/10/18+10:35:48
65.86,	1525966554,	F,	05/10/18+10:35:54
65.86,	1525966560,	F,	05/10/18+10:36:00
65.86,	1525966566,	F,	05/10/18+10:36:06
65.86,	1525966572,	F,	05/10/18+10:36:12
65.86,	1525966579,	F,	05/10/18+10:36:19
65.86,	1525966585,	F,	05/10/18+10:36:25
65.86,	1525966591,	F,	05/10/18+10:36:31
65.86,	1525966597,	F,	05/10/18+10:36:37
65.86,	1525966603,	F,	05/10/18+10:36:43
65.97,	1525966609,	F,	05/10/18+10:36:49
65.86,	1525966615,	F,	05/10/18+10:36:55
65.86,	1525966622,	F,	05/10/18+10:37:02
65.86,	1525966628,	F,	05/10/18+10:37:08
65.86,	1525966634,	F,	05/10/18+10:37:14
65.86,	1525966640,	F,	05/10/18+10:37:20
65.86,	1525966646,	F,	05/10/18+10:37:26
65.86,	1525966652,	F,	05/10/18+10:37:32
65.86,	1525966659,	F,	05/10/18+10:37:39
65.86,	1525966665,	F,	05/10/18+10:37:45
65.86,	1525966671,	F,	05/10/18+10:37:51
65.86,	1525966677,	F,	05/10/18+10:37:57
65.86,	1525966683,	F,	05/10/18+10:38:03
65.86,	1525966689,	F,	05/10/18+10:38:09
65.86,	1525966696,	F,	05/10/18+10:38:16
65.86,	1525966702,	F,	05/10/18+10:38:22
65.86,	1525966708,	F,	05/10/18+10:38:28
65.86,	1525966714,	F,	05/10/18+10:38:34
65.86,	1525966720,	F,	05/10/18+10:38:40
65.86,	1525966726,	F,	05/10/18+10:38:46
65.86,	1525966733,	F,	05/10/18+10:38:53
65.86,	1525966739,	F,	05/10/18+10:38:59
65.86,	1525966745,	F,	05/10/18+10:39:05
65.86,	1525966751,	F,	05/10/18+10:39:11
65.86,	1525966757,	F,	05/10/18+10:39:17
65.86,	1525966763,	F,	05/10/18+10:39:23
65.86,	1525966769,	F,	05/10/18+10:39:30
65.86,	1525966776,	F,	05/10/18+10:39:36
65.86,	1525966782,	F,	05/10/18+10:39:42
65.86,	1525966788,	F,	05/10/18+10:39:48
65.86,	1525966794,	F,	05/10/18+10:39:54
65.86,	1525966800,	F,	05/10/18+10:40:00
65.97,	1525966806,	F,	05/10/18+10:40:06
65.86,	1525966813,	F,	05/10/18+10:40:13
65.86,	1525966819,	F,	05/10/18+10:40:19
65.86,	1525966825,	F,	05/10/18+10:40:25
65.86,	1525966831,	F,	05/10/18+10:40:31
65.86,	1525966837,	F,	05/10/18+10:40:37
65.86,	1525966843,	F,	05/10/18+10:40:43
65.86,	1525966850,	F,	05/10/18+10:40:50
65.86,	1525966856,	F,	05/10/18+10:40:56
65.86,	1525966862,	F,	05/10/18+10:41:02
65.86,	1525966868,	F,	05/10/18+10:41:08
65.86,	1525966874,	F,	05/10/18+10:41:14
65.86,	1525966880,	F,	05/10/18+10:41:20
65.86,	1525966887,	F,	05/10/18+10:41:27
65.86,	1525966893,	F,	05/10/18+10:41:33
65.86,	1525966899,	F,	05/10/18+10:41:39
65.86,	1525966905,	F,	05/10/18+10:41:45
65.86,	1525966911,	F,	05/10/18+10:41:51
65.86,	1525966917,	F,	05/10/18+10:41:57
65.86,	1525966923,	F,	05/10/18+10:42:03
65.86,	1525966930,	F,	05/10/18+10:42:10
65.86,	1525966936,	F,	05/10/18+10:42:16
65.86,	1525966942,	F,	05/10/18+10:42:22
65.86,	1525966948,	F,	05/10/18+10:42:28
65.86,	1525966954,	F,	05/10/18+10:42:34
65.86,	1525966960,	F,	05/10/18+10:42:40
65.86,	1525966967,	F,	05/10/18+10:42:47
65.86,	1525966973,	F,	05/10/18+10:42:53
65.86,	1525966979,	F,	05/10/18+10:42:59
65.86,	1525966985,	F,	05/10/18+10:43:05
65.86,	1525966991,	F,	05/10/18+10:43:11
65.86,	1525966997,	F,	05/10/18+10:43:17
65.86,	1525967004,	F,	05/10/18+10:43:24
65.86,	1525967010,	F,	05/10/18+10:43:30
65.86,	1525967016,	F,	05/10/18+10:43:36
65.86,	1525967022,	F,	05/10/18+10:43:42
65.86,	1525967028,	F,	05/10/18+10:43:48
65.86,	1525967034,	F,	05/10/18+10:43:54
65.86,	1525967041,	F,	05/10/18+10:44:01
65.86,	1525967047,	F,	05/10/18+10:44:07
65.86,	1525967053,	F,	05/10/18+10:44:13
65.86,	1525967059,	F,	05/10/18+10:44:19
65.86,	1525967065,	F,	05/10/18+10:44:25
65.86,	1525967071,	F,	05/10/18+10:44:31
65.86,	1525967077,	F,	05/10/18+10:44:37
65.86,	1525967084,	F,	05/10/18+10:44:44
65.86,	1525967090,	F,	05/10/18+10:44:50
65.86,	1525967096,	F,	05/10/18+10:44:56
65.86,	1525967102,	F,	05/10/18+10:45:02
65.86,	1525967108,	F,	05/10/18+10:45:08
65.86,	1525967114,	F,	05/10/18+10:45:14
65.86,	1525967121,	F,	05/10/18+10:45:21
65.86,	1525967127,	F,	05/10/18+10:45:27
65.86,	1525967133,	F,	05/10/18+10:45:33
65.86,	1525967139,	F,	05/10/18+10:45:39
65.86,	1525967145,	F,	05/10/18+10:45:45
65.86,	1525967151,	F,	05/10/18+10:45:51
65.86,	1525967158,	F,	05/10/18+10:45:58
65.86,	1525967164,	F,	05/10/18+10:46:04
65.86,	1525967170,	F,	05/10/18+10:46:10
65.86,	1525967176,	F,	05/10/18+10:46:16
65.86,	1525967182,	F,	05/10/18+10:46:22
65.86,	1525967188,	F,	05/10/18+10:46:28
65.86,	1525967195,	F,	05/10/18+10:46:35
65.86,	1525967201,	F,	05/10/18+10:46:41
65.86,	1525967207,	F,	05/10/18+10:46:47
65.86,	1525967213,	F,	05/10/18+10:46:53
65.86,	1525967219,	F,	05/10/18+10:46:59
65.86,	1525967225,	F,	05/10/18+10:47:05
65.86,	1525967232,	F,	05/10/18+10:47:12
65.86,	1525967238,	F,	05/10/18+10:47:18
65.86,	1525967244,	F,	05/10/18+10:47:24
65.86,	1525967250,	F,	05/10/18+10:47:30
65.86,	1525967256,	F,	05/10/18+10:47:36
65.86,	1525967262,	F,	05/10/18+10:47:42
65.86,	1525967269,	F,	05/10/18+10:47:49
65.86,	1525967275,	F,	05/10/18+10:47:55
65.86,	1525967281,	F,	05/10/18+10:48:01
65.86,	1525967287,	F,	05/10/18+10:48:07
65.86,	1525967293,	F,	05/10/18+10:48:13
65.86,	1525967299,	F,	05/10/18+10:48:19
65.86,	1525967305,	F,	05/10/18+10:48:25
65.86,	1525967312,	F,	05/10/18+10:48:32
65.86,	1525967318,	F,	05/10/18+10:48:38
65.86,	1525967324,	F,	05/10/18+10:48:44
65.86,	1525967330,	F,	05/10/18+10:48:50
65.86,	1525967336,	F,	05/10/18+10:48:56
65.86,	1525967342,	F,	05/10/18+10:49:02
65.86,	1525967349,	F,	05/10/18+10:49:09
65.86,	1525967355,	F,	05/10/18+10:49:15
65.86,	1525967361,	F,	05/10/18+10:49:21
65.86,	1525967367,	F,	05/10/18+10:49:27
65.86,	1525967373,	F,	05/10/18+10:49:33
65.86,	1525967379,	F,	05/10/18+10:49:39
65.86,	1525967385,	F,	05/10/18+10:49:45
65.86,	1525967392,	F,	05/10/18+10:49:52
65.86,	1525967398,	F,	05/10/18+10:49:58
65.86,	1525967404,	F,	05/10/18+10:50:04
65.86,	1525967410,	F,	05/10/18+10:50:10
65.86,	1525967416,	F,	05/10/18+10:50:16
65.86,	1525967422,	F,	05/10/18+10:50:22
65.86,	1525967429,	F,	05/10/18+10:50:29
65.86,	1525967435,	F,	05/10/18+10:50:35
65.86,	1525967441,	F,	05/10/18+10:50:41
65.86,	1525967447,	F,	05/10/18+10:50:47
65.86,	1525967453,	F,	05/10/18+10:50:53
65.86,	1525967459,	F,	05/10/18+10:50:59
65.86,	1525967466,	F,	05/10/18+10:51:06
65.86,	1525967472,	F,	05/10/18+10:51:12
65.86,	1525967478,	F,	05/10/18+10:51:18
65.86,	1525967484,	F,	05/10/18+10:51:24
65.86,	1525967490,	F,	05/10/18+10:51:30
65.86,	1525967496,	F,	05/10/18+10:51:36
65.86,	1525967503,	F,	05/10/18+10:51:43
65.86,	1525967509,	F,	05/10/18+10:51:49
65.97,	1525967515,	F,	05/10/18+10:51:55
65.86,	1525967521,	F,	05/10/18+10:52:01
65.86,	1525967527,	F,	05/10/18+10:52:07
65.86,	1525967533,	F,	05/10/18+10:52:13
65.86,	1525967539,	F,	05/10/18+10:52:19
65.86,	1525967546,	F,	05/10/18+10:52:26
65.97,	1525967552,	F,	05/10/18+10:52:32
65.86,	1525967558,	F,	05/10/18+10:52:38
65.86,	1525967564,	F,	05/10/18+10:52:44
65.86,	1525967570,	F,	05/10/18+10:52:50
65.86,	1525967576,	F,	05/10/18+10:52:56
65.97,	1525967583,	F,	05/10/18+10:53:03
65.86,	1525967589,	F,	05/10/18+10:53:09
65.86,	1525967595,	F,	05/10/18+10:53:15
65.97,	1525967601,	F,	05/10/18+10:53:21
65.86,	1525967607,	F,	05/10/18+10:53:27
65.97,	1525967613,	F,	05/10/18+10:53:33
65.97,	1525967620,	F,	05/10/18+10:53:40
65.86,	1525967626,	F,	05/10/18+10:53:46
65.86,	1525967632,	F,	05/10/18+10:53:52
65.86,	1525967638,	F,	05/10/18+10:53:58
65.86,	1525967644,	F,	05/10/18+10:54:04
65.97,	1525967650,	F,	05/10/18+10:54:10
65.97,	1525967657,	F,	05/10/18+10:54:17
65.86,	1525967663,	F,	05/10/18+10:54:23
65.97,	1525967669,	F,	05/10/18+10:54:29
65.86,	1525967675,	F,	05/10/18+10:54:35
65.86,	1525967681,	F,	05/10/18+10:54:41
65.97,	1525967687,	F,	05/10/18+10:54:47
65.97,	1525967693,	F,	05/10/18+10:54:53
65.97,	1525967700,	F,	05/10/18+10:55:00
65.97,	1525967706,	F,	05/10/18+10:55:06
65.97,	1525967712,	F,	05/10/18+10:55:12
65.97,	1525967718,	F,	05/10/18+10:55:18
65.86,	1525967724,	F,	05/10/18+10:55:24
65.97,	1525967730,	F,	05/10/18+10:55:30
65.97,	1525967737,	F,	05/10/18+10:55:37
65.86,	1525967743,	F,	05/10/18+10:55:43
65.97,	1525967749,	F,	05/10/18+10:55:49
65.97,	1525967755,	F,	05/10/18+10:55:55
65.97,	1525967761,	F,	05/10/18+10:56:01
65.97,	1525967767,	F,	05/10/18+10:56:07
65.97,	1525967774,	F,	05/10/18+10:56:14
65.97,	1525967780,	F,	05/10/18+10:56:20
65.97,	1525967786,	F,	05/10/18+10:56:26
65.97,	1525967792,	F,	05/10/18+10:56:32
65.97,	1525967798,	F,	05/10/18+10:56:38
65.97,	1525967804,	F,	05/10/18+10:56:44
65.97,	1525967811,	F,	05/10/18+10:56:51
65.97,	1525967817,	F,	05/10/18+10:56:57
65.97,	1525967823,	F,	05/10/18+10:57:03
65.97,	1525967829,	F,	05/10/18+10:57:09
65.97,	1525967835,	F,	05/10/18+10:57:15
65.97,	1525967841,	F,	05/10/18+10:57:21
65.97,	1525967847,	F,	05/10/18+10:57:27
65.97,	1525967854,	F,	05/10/18+10:57:34
65.97,	1525967860,	F,	05/10/18+10:57:40
65.97,	1525967866,	F,	05/10/18+10:57:46
65.97,	1525967872,	F,	05/10/18+10:57:52
65.97,	1525967878,	F,	05/10/18+10:57:58
65.97,	1525967884,	F,	05/10/18+10:58:04
65.97,	1525967891,	F,	05/10/18+10:58:11
65.97,	1525967897,	F,	05/10/18+10:58:17
65.97,	1525967903,	F,	05/10/18+10:58:23
65.97,	1525967909,	F,	05/10/18+10:58:29
65.97,	1525967915,	F,	05/10/18+10:58:35
65.97,	1525967921,	F,	05/10/18+10:58:41
65.97,	1525967928,	F,	05/10/18+10:58:48
65.97,	1525967934,	F,	05/10/18+10:58:54
65.97,	1525967940,	F,	05/10/18+10:59:00
65.97,	1525967946,	F,	05/10/18+10:59:06
65.97,	1525967952,	F,	05/10/18+10:59:12
65.97,	1525967958,	F,	05/10/18+10:59:18
65.97,	1525967965,	F,	05/10/18+10:59:25
65.97,	1525967971,	F,	05/10/18+10:59:31
65.97,	1525967977,	F,	05/10/18+10:59:37
65.97,	1525967983,	F,	05/10/18+10:59:43
65.97,	1525967989,	F,	05/10/18+10:59:49
65.97,	1525967995,	F,	05/10/18+10:59:55
65.97,	1525968001,	F,	05/10/18+11:00:01
65.97,	1525968008,	F,	05/10/18+11:00:08
65.97,	1525968014,	F,	05/10/18+11:00:14
65.97,	1525968020,	F,	05/10/18+11:00:20
65.97,	1525968026,	F,	05/10/18+11:00:26
65.97,	1525968032,	F,	05/10/18+11:00:32
65.86,	1525968038,	F,	05/10/18+11:00:38
65.97,	1525968045,	F,	05/10/18+11:00:45
65.97,	1525968051,	F,	05/10/18+11:00:51
65.97,	1525968057,	F,	05/10/18+11:00:57
65.97,	1525968063,	F,	05/10/18+11:01:03
65.97,	1525968069,	F,	05/10/18+11:01:09
65.97,	1525968075,	F,	05/10/18+11:01:15
65.97,	1525968082,	F,	05/10/18+11:01:22
65.97,	1525968088,	F,	05/10/18+11:01:28
65.97,	1525968094,	F,	05/10/18+11:01:34
65.97,	1525968100,	F,	05/10/18+11:01:40
65.97,	1525968106,	F,	05/10/18+11:01:46
65.97,	1525968112,	F,	05/10/18+11:01:52
65.97,	1525968119,	F,	05/10/18+11:01:59
65.97,	1525968125,	F,	05/10/18+11:02:05
65.97,	1525968131,	F,	05/10/18+11:02:11
65.97,	1525968137,	F,	05/10/18+11:02:17
65.97,	1525968143,	F,	05/10/18+11:02:23
65.97,	1525968149,	F,	05/10/18+11:02:29
65.97,	1525968155,	F,	05/10/18+11:02:35
65.97,	1525968162,	F,	05/10/18+11:02:42
65.97,	1525968168,	F,	05/10/18+11:02:48
65.97,	1525968174,	F,	05/10/18+11:02:54
65.97,	1525968180,	F,	05/10/18+11:03:00
65.97,	1525968186,	F,	05/10/18+11:03:06
65.97,	1525968192,	F,	05/10/18+11:03:12
65.97,	1525968199,	F,	05/10/18+11:03:19
65.97,	1525968205,	F,	05/10/18+11:03:25
65.97,	1525968211,	F,	05/10/18+11:03:31
65.97,	1525968217,	F,	05/10/18+11:03:37
65.97,	1525968223,	F,	05/10/18+11:03:43
65.97,	1525968229,	F,	05/10/18+11:03:49
65.97,	1525968236,	F,	05/10/18+11:03:56
65.97,	1525968242,	F,	05/10/18+11:04:02
65.97,	1525968248,	F,	05/10/18+11:04:08
65.97,	1525968254,	F,	05/10/18+11:04:14
65.97,	1525968260,	F,	05/10/18+11:04:20
65.97,	1525968266,	F,	05/10/18+11:04:26
65.97,	1525968273,	F,	05/10/18+11:04:33
65.97,	1525968279,	F,	05/10/18+11:04:39
65.97,	1525968285,	F,	05/10/18+11:04:45
65.97,	1525968291,	F,	05/10/18+11:04:51
65.97,	1525968297,	F,	05/10/18+11:04:57
65.97,	1525968303,	F,	05/10/18+11:05:03
65.97,	1525968309,	F,	05/10/18+11:05:09
65.97,	1525968316,	F,	05/10/18+11:05:16
65.97,	1525968322,	F,	05/10/18+11:05:22
65.97,	1525968328,	F,	05/10/18+11:05:28
65.97,	1525968334,	F,	05/10/18+11:05:34
65.97,	1525968340,	F,	05/10/18+11:05:40
65.97,	1525968346,	F,	05/10/18+11:05:46
65.97,	1525968353,	F,	05/10/18+11:05:53
65.97,	1525968359,	F,	05/10/18+11:05:59
65.97,	1525968365,	F,	05/10/18+11:06:05
65.97,	1525968371,	F,	05/10/18+11:06:11
65.86,	1525968377,	F,	05/10/18+11:06:17
65.97,	1525968384,	F,	05/10/18+11:06:24
65.86,	1525968390,	F,	05/10/18+11:06:30
65.97,	1525968396,	F,	05/10/18+11:06:36
65.97,	1525968402,	F,	05/10/18+11:06:42
65.86,	1525968408,	F,	05/10/18+11:06:48
65.97,	1525968414,	F,	05/10/18+11:06:54
65.97,	1525968420,	F,	05/10/18+11:07:00
65.97,	1525968427,	F,	05/10/18+11:07:07
65.97,	1525968433,	F,	05/10/18+11:07:13
65.97,	1525968439,	F,	05/10/18+11:07:19
65.97,	1525968445,	F,	05/10/18+11:07:25
65.97,	1525968451,	F,	05/10/18+11:07:31
65.86,	1525968457,	F,	05/10/18+11:07:37
65.97,	1525968464,	F,	05/10/18+11:07:44
65.86,	1525968470,	F,	05/10/18+11:07:50
65.97,	1525968476,	F,	05/10/18+11:07:56
65.97,	1525968482,	F,	05/10/18+11:08:02
65.97,	1525968488,	F,	05/10/18+11:08:08
65.97,	1525968494,	F,	05/10/18+11:08:14
65.97,	1525968501,	F,	05/10/18+11:08:21
65.97,	1525968507,	F,	05/10/18+11:08:27
65.86,	1525968513,	F,	05/10/18+11:08:33
65.97,	1525968519,	F,	05/10/18+11:08:39
65.97,	1525968525,	F,	05/10/18+11:08:45
65.97,	1525968531,	F,	05/10/18+11:08:51
65.97,	1525968537,	F,	05/10/18+11:08:58
65.97,	1525968544,	F,	05/10/18+11:09:04
65.97,	1525968550,	F,	05/10/18+11:09:10
65.97,	1525968556,	F,	05/10/18+11:09:16
65.97,	1525968562,	F,	05/10/18+11:09:22
65.97,	1525968568,	F,	05/10/18+11:09:28
65.97,	1525968574,	F,	05/10/18+11:09:34
65.97,	1525968581,	F,	05/10/18+11:09:41
65.97,	1525968587,	F,	05/10/18+11:09:47
65.97,	1525968593,	F,	05/10/18+11:09:53
65.97,	1525968599,	F,	05/10/18+11:09:59
65.86,	1525968605,	F,	05/10/18+11:10:05
65.97,	1525968611,	F,	05/10/18+11:10:11
65.97,	1525968618,	F,	05/10/18+11:10:18
65.97,	1525968624,	F,	05/10/18+11:10:24
65.97,	1525968630,	F,	05/10/18+11:10:30
65.97,	1525968636,	F,	05/10/18+11:10:36
65.86,	1525968642,	F,	05/10/18+11:10:42
65.86,	1525968648,	F,	05/10/18+11:10:48
65.97,	1525968655,	F,	05/10/18+11:10:55
65.97,	1525968661,	F,	05/10/18+11:11:01
65.97,	1525968667,	F,	05/10/18+11:11:07
65.97,	1525968673,	F,	05/10/18+11:11:13
65.86,	1525968679,	F,	05/10/18+11:11:19
65.97,	1525968685,	F,	05/10/18+11:11:25
65.97,	1525968691,	F,	05/10/18+11:11:31
65.97,	1525968698,	F,	05/10/18+11:11:38
65.97,	1525968704,	F,	05/10/18+11:11:44
65.97,	1525968710,	F,	05/10/18+11:11:50
65.97,	1525968716,	F,	05/10/18+11:11:56
65.97,	1525968722,	F,	05/10/18+11:12:02
65.97,	1525968728,	F,	05/10/18+11:12:08
65.97,	1525968735,	F,	05/10/18+11:12:15
65.97,	1525968741,	F,	05/10/18+11:12:21
65.97,	1525968747,	F,	05/10/18+11:12:27
65.86,	1525968753,	F,	05/10/18+11:12:33
65.97,	1525968759,	F,	05/10/18+11:12:39
65.97,	1525968765,	F,	05/10/18+11:12:45
65.97,	1525968772,	F,	05/10/18+11:12:52
65.97,	1525968778,	F,	05/10/18+11:12:58
65.97,	1525968784,	F,	05/10/18+11:13:04
65.97,	1525968790,	F,	05/10/18+11:13:10
65.97,	1525968796,	F,	05/10/18+11:13:16
65.97,	1525968802,	F,	05/10/18+11:13:22
65.97,	1525968809,	F,	05/10/18+11:13:29
65.97,	1525968815,	F,	05/10/18+11:13:35
65.97,	1525968821,	F,	05/10/18+11:13:41
65.97,	1525968827,	F,	05/10/18+11:13:47
65.97,	1525968833,	F,	05/10/18+11:13:53
65.97,	1525968839,	F,	05/10/18+11:13:59
65.97,	1525968845,	F,	05/10/18+11:14:05
65.97,	1525968852,	F,	05/10/18+11:14:12
65.97,	1525968858,	F,	05/10/18+11:14:18
65.97,	1525968864,	F,	05/10/18+11:14:24
65.97,	1525968870,	F,	05/10/18+11:14:30
65.97,	1525968876,	F,	05/10/18+11:14:36
65.97,	1525968882,	F,	05/10/18+11:14:42
65.86,	1525968889,	F,	05/10/18+11:14:49
65.97,	1525968895,	F,	05/10/18+11:14:55
65.97,	1525968901,	F,	05/10/18+11:15:01
65.97,	1525968907,	F,	05/10/18+11:15:07
65.97,	1525968913,	F,	05/10/18+11:15:13
65.97,	1525968919,	F,	05/10/18+11:15:19
65.97,	1525968926,	F,	05/10/18+11:15:26
65.86,	1525968932,	F,	05/10/18+11:15:32
65.97,	1525968938,	F,	05/10/18+11:15:38
65.97,	1525968944,	F,	05/10/18+11:15:44
65.97,	1525968950,	F,	05/10/18+11:15:50
65.86,	1525968956,	F,	05/10/18+11:15:56
65.97,	1525968963,	F,	05/10/18+11:16:03
65.97,	1525968969,	F,	05/10/18+11:16:09
65.97,	1525968975,	F,	05/10/18+11:16:15
65.97,	1525968981,	F,	05/10/18+11:16:21
65.97,	1525968987,	F,	05/10/18+11:16:27
65.97,	1525968993,	F,	05/10/18+11:16:33
65.97,	1525968999,	F,	05/10/18+11:16:40
65.97,	1525969006,	F,	05/10/18+11:16:46
65.97,	1525969012,	F,	05/10/18+11:16:52
65.97,	1525969018,	F,	05/10/18+11:16:58
65.97,	1525969024,	F,	05/10/18+11:17:04
65.97,	1525969030,	F,	05/10/18+11:17:10
65.97,	1525969036,	F,	05/10/18+11:17:16
65.97,	1525969043,	F,	05/10/18+11:17:23
65.86,	1525969049,	F,	05/10/18+11:17:29
65.97,	1525969055,	F,	05/10/18+11:17:35
65.97,	1525969061,	F,	05/10/18+11:17:41
65.97,	1525969067,	F,	05/10/18+11:17:47
65.97,	1525969073,	F,	05/10/18+11:17:53
65.86,	1525969080,	F,	05/10/18+11:18:00
65.86,	1525969086,	F,	05/10/18+11:18:06
65.97,	1525969092,	F,	05/10/18+11:18:12
65.97,	1525969098,	F,	05/10/18+11:18:18
65.86,	1525969104,	F,	05/10/18+11:18:24
65.97,	1525969110,	F,	05/10/18+11:18:30
65.97,	1525969117,	F,	05/10/18+11:18:37
65.97,	1525969123,	F,	05/10/18+11:18:43
65.97,	1525969129,	F,	05/10/18+11:18:49
65.97,	1525969135,	F,	05/10/18+11:18:55
65.97,	1525969141,	F,	05/10/18+11:19:01
65.97,	1525969147,	F,	05/10/18+11:19:07
65.97,	1525969154,	F,	05/10/18+11:19:14
65.97,	1525969160,	F,	05/10/18+11:19:20
65.97,	1525969166,	F,	05/10/18+11:19:26
65.97,	1525969172,	F,	05/10/18+11:19:32
65.97,	1525969178,	F,	05/10/18+11:19:38
65.97,	1525969184,	F,	05/10/18+11:19:44
65.97,	1525969191,	F,	05/10/18+11:19:51
65.97,	1525969197,	F,	05/10/18+11:19:57
65.86,	1525969203,	F,	05/10/18+11:20:03
65.97,	1525969209,	F,	05/10/18+11:20:09
65.97,	1525969215,	F,	05/10/18+11:20:15
65.97,	1525969221,	F,	05/10/18+11:20:21
65.97,	1525969227,	F,	05/10/18+11:20:27
65.97,	1525969234,	F,	05/10/18+11:20:34
65.97,	1525969240,	F,	05/10/18+11:20:40
65.86,	1525969246,	F,	05/10/18+11:20:46
65.97,	1525969252,	F,	05/10/18+11:20:52
65.97,	1525969258,	F,	05/10/18+11:20:58
65.97,	1525969264,	F,	05/10/18+11:21:04
65.97,	1525969271,	F,	05/10/18+11:21:11
65.97,	1525969277,	F,	05/10/18+11:21:17
65.97,	1525969283,	F,	05/10/18+11:21:23
65.97,	1525969289,	F,	05/10/18+11:21:29
65.97,	1525969295,	F,	05/10/18+11:21:35
65.97,	1525969301,	F,	05/10/18+11:21:41
65.97,	1525969308,	F,	05/10/18+11:21:48
65.97,	1525969314,	F,	05/10/18+11:21:54
65.97,	1525969320,	F,	05/10/18+11:22:00
65.97,	1525969326,	F,	05/10/18+11:22:06
65.97,	1525969332,	F,	05/10/18+11:22:12
65.97,	1525969338,	F,	05/10/18+11:22:18
65.86,	1525969345,	F,	05/10/18+11:22:25
65.97,	1525969351,	F,	05/10/18+11:22:31
65.97,	1525969357,	F,	05/10/18+11:22:37
65.86,	1525969363,	F,	05/10/18+11:22:43
65.97,	1525969369,	F,	05/10/18+11:22:49
65.97,	1525969375,	F,	05/10/18+11:22:55
65.97,	1525969382,	F,	05/10/18+11:23:02
65.97,	1525969388,	F,	05/10/18+11:23:08
65.97,	1525969394,	F,	05/10/18+11:23:14
65.97,	1525969400,	F,	05/10/18+11:23:20
65.86,	1525969406,	F,	05/10/18+11:23:26
65.97,	1525969412,	F,	05/10/18+11:23:32
65.86,	1525969419,	F,	05/10/18+11:23:39
65.86,	1525969425,	F,	05/10/18+11:23:45
65.97,	1525969431,	F,	05/10/18+11:23:51
65.97,	1525969437,	F,	05/10/18+11:23:57
65.97,	1525969443,	F,	05/10/18+11:24:03
65.86,	1525969449,	F,	05/10/18+11:24:09
65.97,	1525969455,	F,	05/10/18+11:24:15
65.97,	1525969462,	F,	05/10/18+11:24:22
65.97,	1525969468,	F,	05/10/18+11:24:28
65.97,	1525969474,	F,	05/10/18+11:24:34
65.97,	1525969480,	F,	05/10/18+11:24:40
65.97,	1525969486,	F,	05/10/18+11:24:46
65.97,	1525969492,	F,	05/10/18+11:24:52
65.97,	1525969499,	F,	05/10/18+11:24:59
65.97,	1525969505,	F,	05/10/18+11:25:05
65.97,	1525969511,	F,	05/10/18+11:25:11
65.86,	1525969517,	F,	05/10/18+11:25:17
65.86,	1525969523,	F,	05/10/18+11:25:23
65.97,	1525969529,	F,	05/10/18+11:25:29
65.97,	1525969536,	F,	05/10/18+11:25:36
65.97,	1525969542,	F,	05/10/18+11:25:42
65.97,	1525969548,	F,	05/10/18+11:25:48
65.97,	1525969554,	F,	05/10/18+11:25:54
64.96,	1526068731,	F,	05/11/18+14:58:51
65.08,	1526068733,	F,	05/11/18+14:58:53
